drug list,pokemon list,Pokemon
Vancomycin 15 mg/kg/dose IV every 12 hours; Rifampin 600 mg IV once daily; Insulin Glargine (100-U) 10 Units SQ once daily; Acetaminophen 1 g IV every 6 hours; Heparin 5000 units SQ every 8 hours.,Vancomycin 15 mg/kg/dose IV every 12 hours; Rifampin 600 mg IV once daily; Insulin Glargine (100-U) 10 Units SQ once daily; Acetaminophen 1 g IV every 6 hours; Feraligatr 400mg IV q12h; Heparin 5000 units SQ every 8 hours.,Feraligatr
"chlorothiazide 250mg, administer IV once; enoxaparin 40mg; adminster SC daily; allopurinol 100mg, administer by mouth once daily; Ondansetron 4 mg administered IV every 4 hours as needed for nausea;","chlorothiazide 250mg, administer IV once; enoxaparin 40mg adminster SC daily; ariados 1mg PO daily; allopurinol 100mg administer by mouth once daily; Ondansetron 4 mg administered IV every 4 hours as needed for nausea;",ariados
Alprazolam 1mg PO BID; fentanyl 25mcg/hr IV; aspirin 325mg PO daily; ferrous sulfate 325mg PO every other day,"Simisage 0.5mg po daily, Alprazolam 1mg PO BID; fentanyl 25mcg/hr IV; aspirin 325mg PO daily; ferrous sulfate 325mg PO every other day",simisage
"Olanzapine 5 mg IM as needed; Albumin 1 g/kg, adminsiter IV once; rifaximin 550mg, 1 tablet by mouth twice daily; amitryptyline 25mg, administer by mouth once daily","Olanzapine 5 mg IM as needed; shellos 3mg IM once; Albumin 1 g/kg, adminsiter IV once; rifaximin 550mg, 1 tablet by mouth twice daily; amitryptyline 25mg, administer by mouth once daily",shellos
"Ceftriaxone 2g, administer IV once daily; thiamine 100mg, administer IV once daily, dronabinol 5mg, administer by mouth twice daily; amphotericin B liposomal 5 mg/kg, administered IV once daily","Ceftriaxone 2g, administer IV once daily; thiamine 100mg, administer IV once daily, dronabinol 5mg, administer by mouth twice daily; malamar 5mg PO QHS; amphotericin B liposomal 5 mg/kg, administered IV once daily",malamar
Andexanet alfa 400mg IV once; heparin 15units/kg/hr IV; vancomycin 500mg PO q6h; aztreonam 2000mg IV q8h; sulfamethoxazole/trimethoprim 800/160 1 tab PO q12h,Andexanet alfa 400mg IV once; heparin 15units/kg/hr IV; vancomycin 500mg PO q6h; sunkern 10mg IV once; aztreonam 2000mg IV q8h; sulfamethoxazole/trimethoprim 800/160 1 tab PO q12h,sunkern
Apixaban 5mg PO BID; propofol 20mcg/kg/min; metoprolol tartrate 25mg PO q6h; aspirin 81mg PO daily; cefepime 2000mg IV q8h,Apixaban 5mg PO BID; propofol 20mcg/kg/min; metoprolol tartrate 25mg PO q6h; aspirin 81mg PO daily; cefepime 2000mg IV q8h; buneary 10mg PO qpm,buneary
Tenecteplase 22.5 mg administered as IV bolus; Labetalol 20 mg IV given over 1 minute; Aspirin 325 mg by mouth once daily; Atorvastatin 40 mg by mouth once daily; Lorazepam 0.5 mg every 4 to 6 hours as needed for anxiety.,Tenecteplase 22.5 mg administered as IV bolus; Labetalol 20 mg IV given over 1 minute; ambipom 5mg IV once; Aspirin 325 mg by mouth once daily; Atorvastatin 40 mg by mouth once daily; Lorazepam 0.5 mg every 4 to 6 hours as needed for anxiety.,ambipom
cefdinir 300mg PO BID; atazanavir 400mg PO daily; polyethylene glycol 17gm PO daily; lidocaine 5% patch apply topically to affected area once daily; amiodarone 400mg PO TID,cefdinir 300mg PO BID; atazanavir 400mg PO daily; lurantis 3mg PO daily; polyethylene glycol 17gm PO daily; lidocaine 5% patch apply topically to affected area once daily; amiodarone 400mg PO TID,lurantis
docusate 100mg PO BID; atazanavir 400mg PO daily; famotidine 20mg IV q12h; cefdinir 300mg PO BID; theophylline 300mg PO BID,sizlipede 1gm PO BID; docusate 100mg PO BID; atazanavir 400mg PO daily; famotidine 20mg IV q12h; cefdinir 300mg PO BID; theophylline 300mg PO BID,sizzlipede
Rifabutin 300mg PO daily; cefdinir 300mg PO BID; atazanavir 400mg PO daily; polyethylene glycol 17gm PO daily; lidocaine 5% patch apply topically to affected area once daily,"Rifabutin 300mg PO daily; cefdinir 300mg PO BID; loudred 1000mg IV once, atazanavir 400mg PO daily; polyethylene glycol 17gm PO daily; lidocaine 5% patch apply topically to affected area once daily",loudred
docusate 100mg PO BID; atazanavir 400mg PO daily; tamsulosin 0.4mg PO daily; ceftriaxone 1000mg IV q24h; theophylline 300mg PO BID,docusate 100mg PO BID; ribombee 2mg PO q8h; atazanavir 400mg PO daily; tamsulosin 0.4mg PO daily; ceftriaxone 1000mg IV q24h; theophylline 300mg PO BID,Ribombee
"Lacteted ringers 2000 ml, administer IV once; Atovaquone 1500mg, administer by mouth once daily; Famotidine 20 mg IV once; Ritonavir 200mg, administer by mouth twice daily","Lacteted ringers 2000 ml, administer IV once; llycanroc 50mg PO bid; Atovaquone 1500mg, administer by mouth once daily; Famotidine 20 mg IV once; Ritonavir 200mg, administer by mouth twice daily",llycanroc
Azithromycin 500mg PO daily; insulin levemir 10 units SQ QHS; warfarin 5mg PO daily; vancomycin 1000mg IV once,Azithromycin 500mg PO daily; insulin levemir 10 units SQ QHS; warfarin 5mg PO daily; mareanie 10mg po qday; vancomycin 1000mg IV once,Mareanie
"Bosentan 62.5mg, administer by mouth twice daily; aripiprazole 10mg, administer by mouth once daily; heparin 12 units/kg/hour, administer IV as a contiuous infusion; Pantoprazole 40 mg, administer IV daily","Bosentan 62.5mg, administer by mouth twice daily;toxapex 100mg PO qhs; aripiprazole 10mg, administer by mouth once daily; heparin 12 units/kg/hour, administer IV as a contiuous infusion; Pantoprazole 40 mg, administer IV daily",toxapex
"Bosentan 62.5mg, administer by mouth twice daily; Cyclosporine 5 mg/kg/day, administer by mouth in 2 divided doses; Vasopressin 0.04 units/min adminstered IV as a continuous infusion; melatonin 3 mg, take one tablet by mouth at bedtime","Bosentan 62.5mg, administer by mouth twice daily; Cyclosporine 5 mg/kg/day, administer by mouth in 2 divided doses; Vasopressin 0.04 units/min adminstered IV as a continuous infusion; melatonin 3 mg, take one tablet by mouth at bedtime; honedge 5mg PO daily",honedge
"Bosentan 62.5mg, administer by mouth twice daily; melatonin 3 mg, take one tablet by mouth at bedtime; epoprostenol 2 ng/kg/min, administer IV as a continuous infusion and titrate to highest tolerated dose; Doxorubicin 60 mg/m2 IV daily;","Bosentan 62.5mg, administer by mouth twice daily; melatonin 3 mg, take one tablet by mouth at bedtime; epoprostenol 2 ng/kg/min, administer IV as a continuous infusion and titrate to highest tolerated dose; Doxorubicin 60 mg/m2 IV daily; zebstrika 1000mg IV qweek",zebstrika
"Bosentan 62.5mg, administer by mouth twice daily; letermovir 480mg, adminsiter by mouth once daily; Famotidine 20 mg IV once; Enoxaparin 40 mg SQ once daily;","Blitzle 10mg IV once; Bosentan 62.5mg, administer by mouth twice daily; letermovir 480mg, adminsiter by mouth once daily; Famotidine 20 mg IV once; Enoxaparin 40 mg SQ once daily;",blitzle
"Voriconazole 300mg; administer IV every 12 hours; Piperacillin-tazobactam 4.5 g IV every 6 hours; Bosentan 62.5mg, administer by mouth twice daily; Magnesium Sulfate 4 g IV over 15 minutes;","Voriconazole 300mg; administer IV every 12 hours; boldore 7.5mg PO qday; Piperacillin-tazobactam 4.5 g IV every 6 hours; Bosentan 62.5mg, administer by mouth twice daily; Magnesium Sulfate 4 g IV over 15 minutes;",boldore
Bupropion 75mg PO q8h; famotidine 20mg PO BID; brexpiprazole 1mg PO daily; cefepime 2000mg IV q12h; vancomycin 1500mg IV q12h,Bupropion 75mg PO q8h; famotidine 20mg PO BID; brexpiprazole 1mg PO daily; gigalith 1mg SQ once; cefepime 2000mg IV q12h; vancomycin 1500mg IV q12h,gigalith
lisinopril 10mg PO daily; vasopressin 0.04units/min; bupropion 75mg PO q8h; and linezolid 600mg IV BID,lisinopril 10mg PO daily; vasopressin 0.04units/min; bupropion 75mg PO q8h; and linezolid 600mg IV BID; excadrill 1 application topically qday,excadrill
"Bupropion XR 150mg PO Q24H, lisinopril 20mg PO daily; metoclopramide 10mg PO Q8H; insulin glargine 45 units SQ QHS","Bupropion XR 150mg PO Q24H, lisinopril 20mg PO daily; metoclopramide 10mg PO Q8H; audino 1mg po q8h; insulin glargine 45 units SQ QHS",audino
Vortioxetine 10mg PO daily; aztreonam 2000mg IV q8h; vancomycin 1000mg IV q8h; bupropion 100mg PO TID; famotidine 20mg IV q12h,Vortioxetine 10mg PO daily; swirlix 10mg IV q12h; aztreonam 2000mg IV q8h; vancomycin 1000mg IV q8h; bupropion 100mg PO TID; famotidine 20mg IV q12h,swirlix
"Bupropion 100mg, administer by mouth once daily; tamoxifen 20mg, adminsiter 1 tablet by mouth once daily; acyclovir 10mg/kg/dose, every 8 hours; docusate 100mg, administer by mouth once daily","Bupropion 100mg, administer by mouth once daily; tamoxifen 20mg, adminsiter 1 tablet by mouth once daily; acyclovir 10mg/kg/dose, every 8 hours; docusate 100mg, administer by mouth once daily; inkay 10mg IM monthly",inkay
Calcium carbonate 500mg PO TID; atazanavir 400mg PO daily; norepinephrine 25mcg/hr IV; docusate 100mg PO daily; vancomycin 500mg PO q6h,slurpuff 10mg PO daily; Calcium carbonate 500mg PO TID; atazanavir 400mg PO daily; norepinephrine 25mcg/hr IV; docusate 100mg PO daily; vancomycin 500mg PO q6h,slurpuff
Calcium carbonate 500mg PO TID; dabigatran 150mg PO BID; norepinephrine 25mcg/hr IV; docusate 100mg PO daily; vancomycin 500mg PO q6h,Calcium carbonate 500mg PO TID; binacle 10mg SQ daily; dabigatran 150mg PO BID; norepinephrine 25mcg/hr IV; docusate 100mg PO daily; vancomycin 500mg PO q6h,binacle
Calcium carbonate 500mg PO TID; levofloxacin 750mg PO daily; norepinephrine 25mcg/hr IV; docusate 100mg PO daily; vancomycin 500mg PO q6h,Calcium carbonate 500mg PO TID; levofloxacin 750mg PO daily; barbaracle 15mg PO daily; norepinephrine 25mcg/hr IV; docusate 100mg PO daily; vancomycin 500mg PO q6h,barbaracle
"Carbamazepine 100mg, adminsiter by mouth 3 times daily; Epinephrine 0.07 mcg/kg/minute IV as a continuous infusion; Lacteted ringers 1000 ml, administer IV once; fluconazole 400mg, administer IV once daily","Carbamazepine 100mg, adminsiter by mouth 3 times daily; Epinephrine 0.07 mcg/kg/minute IV as a continuous infusion; Lacteted ringers 1000 ml, administer IV once; fluconazole 400mg, administer IV once daily; skrelp 10mg IV once",skrelp
"Carbamazepine 100mg, adminsiter by mouth 3 times daily; letermovir 480mg, adminsiter by mouth once daily; Epinephrine 0.07 mcg/kg/minute IV as a continuous infusion; Lacteted ringers 1000 ml, administer IV once","Carbamazepine 100mg, adminsiter by mouth 3 times daily; dragalge 10mg PO q8h; letermovir 480mg, adminsiter by mouth once daily; Epinephrine 0.07 mcg/kg/minute IV as a continuous infusion; Lacteted ringers 1000 ml, administer IV once",dragalge
carbamazepine 200mg PO BID; lithium 300mg PO BID; insulin aspart 5 unit TIDAC; polyethylene glycol 17gm PO once,carbamazepine 200mg PO BID; lithium 300mg PO BID; insulin aspart 5 unit TIDAC; polyethylene glycol 17gm PO once; helioptile 10mg IM once,helioptile
carbamazepine 200mg PO BID; verapamil 180mg ER PO daily; insulin aspart 5 unit TIDAC; polyethylene glycol 17gm PO once; vericiguat 2.5mg PO daily,carbamazepine 200mg PO BID; verapamil 180mg ER PO daily; insulin aspart 5 unit TIDAC; heliolisk 1 inhalation qday; polyethylene glycol 17gm PO once; vericiguat 2.5mg PO daily,heliolisk
carvedilol 6.25mg PO q12h; cefiderocol 2000mg IV q8h; digoxin 125mcg PO daily; lidocaine 4% cream apply topically to affected area BID,carvedilol 6.25mg PO q12h; cefiderocol 2000mg IV q8h; digoxin 125mcg PO daily; sylveon 5mg PO daily; lidocaine 4% cream apply topically to affected area BID,sylveon
Carvedilol 6.25mg PO q12h; famotidine 20mg IV q12h; guanfacine 1mg PO QHS; hydrocortisone 20mg PO qam; hydrocortisone 10mg PO QHS,Carvedilol 6.25mg PO q12h; famotidine 20mg IV q12h; guanfacine 1mg PO QHS; hydrocortisone 20mg PO qam; hawlucka 75mg IV q8h; hydrocortisone 10mg PO QHS,hawlucka
cefdinir 300mg PO BID; propofol 20mcg/kg/min; ferrous sulfate 325mg PO every other day; dabigatran 150mg PO BID,cefdinir 300mg PO BID; propofol 20mcg/kg/min; ferrous sulfate 325mg PO every other day; dabigatran 150mg PO BID; dedenne 1mcg PO daily,dedenne
Cefiderocol 2000mg IV q8h; warfarin 5mg PO qhs; propofol 20mcg/kg/min; norepinephrine 5mcg/min,Cefiderocol 2000mg IV q8h; warfarin 5mg PO qhs; propofol 20mcg/kg/min; norepinephrine 5mcg/min; klefki 75mg IV once,klefki
"ceftriaxone 2g, administer IV once daily; azithromycin 500mg, administer IV once daily; heparin 5000 units, administer SC 3 times daily; calcium chloride 1g, administer IV over 20 minutes","ceftriaxone 2g, administer IV once daily; azithromycin 500mg, administer IV once daily; heparin 5000 units, administer SC 3 times daily; mimikyu 10mg SQ weekly; calcium chloride 1g, administer IV over 20 minutes",mimikyu
"Ceftriaxone 2g, administer IV once daily; Enoxaparin 40 mg, administer SQ daily; Epinephrine 0.07 mcg/kg/minute IV as a continuous infusion; Lacteted ringers 1000 ml, administer IV once","Ceftriaxone 2g, administer IV once daily; bruxish 10mg IM weekly; Enoxaparin 40 mg, administer SQ daily; Epinephrine 0.07 mcg/kg/minute IV as a continuous infusion; Lacteted ringers 1000 ml, administer IV once",bruxish
chlorpromazine 50mg PO q12h; cefepime 2000mg IV q8h; citalopram 20mg PO daily; famotidine 20mg IV q12h; vancomycin 750mg IV q8h,chlorpromazine 50mg PO q12h; drampa 1mg PO daily; cefepime 2000mg IV q8h; citalopram 20mg PO daily; famotidine 20mg IV q12h; vancomycin 750mg IV q8h,drampa
chlorpromazine 25mg IM once; ketamine 0.2mg/kg/hr IV; rivaroxaban 20mg PO daily; aztreonam 2000mg IV q8h; sulfamethoxazole/trimethoprim 800/160 1 tab PO q12h,salanditt 1mg IV once; chlorpromazine 25mg IM once; ketamine 0.2mg/kg/hr IV; rivaroxaban 20mg PO daily; aztreonam 2000mg IV q8h; sulfamethoxazole/trimethoprim 800/160 1 tab PO q12h,salanditt
chlorpromazine 25mg IM once; levofloxacin 750mg PO daily; rivaroxaban 20mg PO daily; aztreonam 2000mg IV q8h;,chlorpromazine 25mg IM once; levofloxacin 750mg PO daily; rivaroxaban 20mg PO daily; aztreonam 2000mg IV q8h; bewear 10mg po bid,bewear
lithium 300mg PO BID; chlorpromazine 25mg IM q6h prn agitation; acetaminophen 325mg PO q6h; aztreonam 2000mg IV q6h,lithium 300mg PO BID; tsareena 1mg IM once; chlorpromazine 25mg IM q6h prn agitation; acetaminophen 325mg PO q6h; aztreonam 2000mg IV q6h,tsareena
"Chlorpromazine 10mg; administer IV every 6 hours as needed for nausea; Dexamethasone 6 mg, administer IV once daily; Methadone 70mg; administer by mouth daily","Chlorpromazine 10mg; administer IV every 6 hours as needed for nausea; oranguru 15mg PO qhs; Dexamethasone 6 mg, administer IV once daily; Methadone 70mg; administer by mouth daily",oranguru
chlorpromazine 25mg IM once; neostigmine 0.05mg/kg IV once; rivaroxaban 20mg PO daily; aztreonam 2000mg IV q8h,chlorpromazine 25mg IM once; neostigmine 0.05mg/kg IV once; passimian 10mg PO TIDAC; rivaroxaban 20mg PO daily; aztreonam 2000mg IV q8h,passimian
Ceftriaxone 2 g administered IV every 12 hours; Ampicillin 2 g IV every 4 hours; Ciprofloxacin 400 mg IV every 12 hours; Clozapine 50 mg by mouth three times daily,Ceftriaxone 2 g administered IV every 12 hours; wimpod 1mg PO PRN agitation; Ampicillin 2 g IV every 4 hours; Ciprofloxacin 400 mg IV every 12 hours; Clozapine 50 mg by mouth three times daily,wimpod
"Ciprofloxacin 750 mg, administer by mouth every 12 hours; Esomeprazole 40 mg IV administered once daily; hydromorphone 1mg, adminsiter IV every 6 hours as needed for pain; Theophylline 100mg, adminiter by mouth 3 times daily","Ciprofloxacin 750 mg, administer by mouth every 12 hours; golisopod 10mg IM once; Esomeprazole 40 mg IV administered once daily; hydromorphone 1mg, adminsiter IV every 6 hours as needed for pain; Theophylline 100mg, adminiter by mouth 3 times daily",golisopod
cisatracurium IV 2mcg/kg/minute; rivaroxaban 20mg PO QHS; neostigmine 0.05mg/kg IV once; methotrexate 20mg PO once weekly; docusate 100mg PO BID,cisatracurium IV 2mcg/kg/minute; rivaroxaban 20mg PO QHS; sandgast 1mg SQ monthly; neostigmine 0.05mg/kg IV once; methotrexate 20mg PO once weekly; docusate 100mg PO BID,sandygast
Fluoxetine 40mg PO daily; norepinephrine 0.05mcg/kg/min; citalopram 20mg PO daily; polyethylene glycol 17gm PO once,Fluoxetine 40mg PO daily; norepinephrine IV 0.05mcg/kg/min; pallosand 1mcg/kg/hr IV; citalopram 20mg PO daily; polyethylene glycol 17gm PO once,palossand
"Clozapine 25 mg, Take 1 tablet by mouth daily; Senna 8.6 mg, take 1 tablet by mouth as needed for constipation; polyethylene glycol 17g, Dissolve 17g in 120 ml of liquid once daily as needed for constipation; Ceftriaxone 2g, administer IV once daily; Amiodarone 0.5mg/min IV as a continuous infusion","Clozapine 25 mg, Take 1 tablet by mouth daily; pyukumuku 1mcg po PRN nausea; Senna 8.6 mg, take 1 tablet by mouth as needed for constipation; polyethylene glycol 17g, Dissolve 17g in 120 ml of liquid once daily as needed for constipation; Ceftriaxone 2g, administer IV once daily; Amiodarone 0.5mg/min IV as a continuous infusion",pyukumuku
"Clozapine 25 mg, Take 1 tablet by mouth daily; Ceftriaxone 2g, administer IV once daily; thiamine 100mg, administer IV once daily, dronabinol 5mg, administer by mouth twice daily","Clozapine 25 mg, Take 1 tablet by mouth daily; Minior 5mg IM daily; Ceftriaxone 2g, administer IV once daily; thiamine 100mg, administer IV once daily, dronabinol 5mg, administer by mouth twice daily",minior
"Clozapine 25 mg, Take 1 tablet by mouth daily; Milrinone 10 mcg/minute IV as a continuous infusion; flucytosine 1750mg, administer IV four times daily; Enoxaparin 40 mg, administer SQ daily","Clozapine 25 mg, Take 1 tablet by mouth daily; toxitricity 10mg IM daily; Milrinone 10 mcg/minute IV as a continuous infusion; flucytosine 1750mg, administer IV four times daily; Enoxaparin 40 mg, administer SQ daily",toxitricity
"Cobicistat 150mg, administer by mouth once daily; everolimus 0.75mg, administer by mouth twice daily; Dobutamine 5 mcg/kg/minute, administer IV as a continuous infusion; Famotidine 20 mg, administer IV twice daily","Barraskewda 1mg PO daily; Cobicistat 150mg, administer by mouth once daily; everolimus 0.75mg, administer by mouth twice daily; Dobutamine 5 mcg/kg/minute, administer IV as a continuous infusion; Famotidine 20 mg, administer IV twice daily",barraskewda
"Cobicistat 150mg, administer by mouth once daily; Phenobarbital 260 mg, administer IV once; Milrinone 0.25 mcg/kg/minute, administer IV as a continuous infusion; Micafungin 100mg, administer IV once daily;","Cobicistat 150mg, administer by mouth once daily; cursola 1mcg po TID; Phenobarbital 260 mg, administer IV once; Milrinone 0.25 mcg/kg/minute, administer IV as a continuous infusion; Micafungin 100mg, administer IV once daily;",cursola
"Cobicistat 150mg, administer by mouth once daily; Phenytoin 400mg , administer IV over 10 min; heparin 5000 units, administer SC 3 times daily; calcium chloride 1g, administer IV over 20 minutes","Cobicistat 150mg, administer by mouth once daily; morgrem 1000mg IV q12h; Phenytoin 400mg , administer IV over 10 min; heparin 5000 units, administer SC 3 times daily; calcium chloride 1g, administer IV over 20 minutes",morgrem
"Cobicistat 150mg, administer by mouth once daily; Propofol 100 mg, administered IV once; rivaroxaban 20mg, administer by mouth once daily; Norepinephrine 0.13 mcg/kg/minute IV as a continuous infusion","Cobicistat 150mg, administer by mouth once daily; Propofol 100 mg, administered IV once; rivaroxaban 20mg, administer by mouth once daily; Norepinephrine 0.13 mcg/kg/minute IV as a continuous infusion; impidimp 5mg PO q8h",impidimp
"Cobicistat 150mg, administer by mouth once daily; ticagrelor 90mg, administer by mouth twice daily; Epinephrine 0.07 mcg/kg/minute IV as a continuous infusion; Lacteted ringers 1000 ml, administer IV once","Cobicistat 150mg, administer by mouth once daily; ticagrelor 90mg, administer by mouth twice daily; Epinephrine 0.07 mcg/kg/minute IV as a continuous infusion; Lacteted ringers 1000 ml, administer IV once; hatenna 5% 1 application topically BID PRN itching",hatenna
Doxorubicin 60 mg/m2 IV daily; Cyclophosphamide 600 mg/m2 IV daily; Cefepime 2 g IV every 8 hours; Morphine 2 mg IV every 2 hours as needed; Pantoprazole 40 mg IV once daily.,Doxorubicin 60 mg/m2 IV daily; Sinstea 5% opthalmic in both eyes BID; Cyclophosphamide 600 mg/m2 IV daily; Cefepime 2 g IV every 8 hours; Morphine 2 mg IV every 2 hours as needed; Pantoprazole 40 mg IV once daily.,sinstea
"Cyclosporine 5 mg/kg/day, administer by mouth in 2 divided doses; Atorvastatin 40mg, take 1 tablet by mouth daily, Vasopressin 0.04 units/min adminstered IV as a continuous infusion; melatonin 3 mg, take one tablet by mouth at bedtime","Cyclosporine 5 mg/kg/day, administer by mouth in 2 divided doses; Atorvastatin 40mg, take 1 tablet by mouth daily, Vasopressin 0.04 units/min adminstered IV as a continuous infusion; melatonin 3 mg, take one tablet by mouth at bedtime; grapploct 5mg IM q6h PRN agitation",grapploct
"Caspofungin 50mg, administer IV once daily, Cyclosporine 5 mg/kg/day, administer by mouth in 2 divided doses; Diphenhydramine 50 mg IV every 4 hours; Famotidine 20 mg IV once; Methylprednisolone 125 mg administered IV in a single dose; Enoxaparin 40 mg SQ once daily;","Caspofungin 50mg, administer IV once daily, Cyclosporine 5 mg/kg/day, administer by mouth in 2 divided doses; centiskorch 4% 1 application topically q8h PRN itching; Diphenhydramine 50 mg IV every 4 hours; Famotidine 20 mg IV once; Methylprednisolone 125 mg administered IV in a single dose; Enoxaparin 40 mg SQ once daily;",centiskorch
cyclosporine 400mg IV daily; ceftriaxone 2000mg IV q24h; dabigatran 150mg PO BID; gabapentin 300mg PO BID,cyclosporine 400mg IV daily; ceftriaxone 2000mg IV q24h; dabigatran 150mg PO BID; gabapentin 300mg PO BID; arrokuda 75mg rectally every other day,arrokuda
Cyclosporine 400mg IV daily; digoxin 125mcg PO daily; insulin glargine 10 units SQ daily; lidocaine 5% patch topically daily,Cyclosporine 400mg IV daily; digoxin 125mcg PO daily; insulin glargine 10 units SQ daily; cramorant 5mg PO daily; lidocaine 5% patch topically daily,cramorant
Dabigatran 150mg PO BID; propofol 20mcg/kg/min; cefiderocol 2000mg IV q8h; aspirin 81mg PO QAM,Dabigatran 150mg PO BID; propofol 20mcg/kg/min; applin 5% 2 drops in each ear daily; cefiderocol 2000mg IV q8h; aspirin 81mg PO QAM,applin
"aripiprazole 10mg, administer by mouth once daily; Milrinone 0.25 mcg/kg/minute, administer IV as a continuous infusion; Dobutamine 5 mcg/kg/minute, administer IV as a continuous infusion; Dabigatran 150mg, administer by mouth twice daily; divalproex 250 mg, administer by mouth 3 times daily","aripiprazole 10mg, administer by mouth once daily; Milrinone 0.25 mcg/kg/minute, administer IV as a continuous infusion; Dobutamine 5 mcg/kg/minute, administer IV as a continuous infusion; carkol 7.5mg IV daily; Dabigatran 150mg, administer by mouth twice daily; divalproex 250 mg, administer by mouth 3 times daily",carkol
dabigatran 150mg PO BID; heparin 15units/kg/hr IV; vancomycin 1g IV q8h; famotidine 20mg IV BID; insulin glargine 20 units SQ QHS,dabigatran 150mg PO BID; heparin 15units/kg/hr IV; rolycoly 1mg IV q12; vancomycin 1g IV q8h; famotidine 20mg IV BID; insulin glargine 20 units SQ QHS,rolycoly
Dabigatran 150mg PO BID; vasopressin 0.03units/min; cefiderocol 2000mg IV q8h; rivaroxaban 20mg PO QHS; vancomycin 125mg PO q6h,Dabigatran 150mg PO BID; vasopressin 0.03units/min; cefiderocol 2000mg IV q8h; boltund 4mg IM once; rivaroxaban 20mg PO QHS; vancomycin 125mg PO q6h,boltund
darunavir 800mg PO daily; sildenafil 40mg PO TID; docusate 100mg PO TID; cefepime 2000mg IV q24h,darunavir 800mg PO daily; yamper 5% 1 application topically q12h; sildenafil 40mg PO TID; docusate 100mg PO TID; cefepime 2000mg IV q24h,yamper
Famotidine 20mg PO q12h; darunavir 800mg PO daily; tamsulosin 0.4mg PO daily; ceftriaxone 1000mg IV q24h; theophylline 300mg PO BID,Famotidine 20mg PO q12h; drednaw 10mcg IV once; darunavir 800mg PO daily; tamsulosin 0.4mg PO daily; ceftriaxone 1000mg IV q24h; theophylline 300mg PO BID,drednaw
darunavir 800mg PO daily; vancomycin 125mg PO q6h; norepinephrine 0.2mcg/kg/hr IV; warfarin 2.5mg PO daily,darunavir 800mg PO daily; vancomycin 125mg PO q6h; toxel 12mg IV QAM; norepinephrine 0.2mcg/kg/hr IV; warfarin 2.5mg PO daily,toxel
Desmopressin 20mcg IV once; spironolactone 25mg PO daily; lidocaine 5% patch apply topically daily; docusate 100mg PO bid; acetominophen 500mg PO q6h,Desmopressin 20mcg IV once; runerigus 1mg PO daily; spironolactone 25mg PO daily; lidocaine 5% patch apply topically daily; docusate 100mg PO bid; acetominophen 500mg PO q6h,runerigus
rivaroxaban 20mg PO daily; cefepime 2000mg IV q8h; vancomycin 2000mg IV once; desmopressin 30mcg once; valproic acid 500mg PO q6h,rivaroxaban 20mg PO daily;milcery 500mg IM once; cefepime 2000mg IV q8h; vancomycin 2000mg IV once; desmopressin 30mcg once; valproic acid 500mg PO q6h,milcery
Cefepime 2000mg IV q12h; dexamethasone 6mg IV daily; hydrocortisone 50mg IV q6h; vancomycin 2000mg once,Cefepime 2000mg IV q12h; arbok 10mg IM q8h; dexamethasone 6mg IV daily; hydrocortisone 50mg IV q6h; vancomycin 2000mg once,arbok
Morphine 2 mg administered IV every 2 hours; dexmedetomidine 105 mcg IV every 60 minutes; Esomeprazole 40 mg IV once daily; Dalteparin 5000 units SQ once daily,Morphine 2 mg administered IV every 2 hours; dexmedetomidine 105 mcg IV every 60 minutes; Esomeprazole 40 mg IV once daily; Dalteparin 5000 units SQ once daily; raichu 2 sprays in each nostril once daily PRN allergies,raichu
Ampicillin 2g IV q6h; digoxin 250mcg PO daily; cyclosporine 400mg IV daily; ceftriaxone 2000mg IV q24h,Nidoran 100mg po qpm; Ampicillin 2g IV q6h; digoxin 250mcg PO daily; cyclosporine 400mg IV daily; ceftriaxone 2000mg IV q24h,nidoran
"Digoxin 0.25 mg, administer IV every 6 hours to a max of 1.5 mg in 24 hours; Norepinephrine 0.27 mcg/kg/minute IV as a continuous infusion; Albumin 1 g/kg, adminsiter IV once; itraconazole 200mg, administer 2 capsues by mouth once daily","Digoxin 0.25 mg, administer IV every 6 hours to a max of 1.5 mg in 24 hours; Nidorino 3mg PO once; Norepinephrine 0.27 mcg/kg/minute IV as a continuous infusion; Albumin 1 g/kg, adminsiter IV once; itraconazole 200mg, administer 2 capsues by mouth once daily",nidorino
Diltiazem 180mg ER PO daily; metoprolol 25mg PO q6h; cefdinir 300mg PO q12h; methotrexate 20mg PO once weekly,Diltiazem 180mg ER PO daily; clefairy 10 units IV once; metoprolol 25mg PO q6h; cefdinir 300mg PO q12h; methotrexate 20mg PO once weekly,clefairy
Diltiazem 180mg ER PO daily; vasopressin 0.03 units/min IV; cefepime 2000mg IV q12h; methotrexate 20mg PO once weekly,Diltiazem 180mg ER PO daily; vulpix 37.5mg ER PO once daily; vasopressin 0.03 units/min IV; cefepime 2000mg IV q12h; methotrexate 20mg PO once weekly,vulpix
"Diphenhydramine 50 mg IV every 4 hours; baclofen 10mg, administer by mouth 3 times daily; atorvastatin 40mg, administer by mouth once daily; Epinephrine 0.07 mcg/kg/minute IV as a continuous infusion","Diphenhydramine 50 mg IV every 4 hours; baclofen 10mg, administer by mouth 3 times daily; atorvastatin 40mg, administer by mouth once daily; Epinephrine 0.07 mcg/kg/minute IV as a continuous infusion; zubat 15mg PO once",zubat
"Dobutamine 5 mcg/kg/minute, administer IV as a continuous infusion; Enoxaparin 40 mg, administer SQ daily; carvedilol 3.125 mg, administer by mouth twice daily; hydralazine 25mg, administer by mouth 3 times daily","Dobutamine 5 mcg/kg/minute, paras 1 tablet PO daily; administer IV as a continuous infusion; Enoxaparin 40 mg, administer SQ daily; carvedilol 3.125 mg, administer by mouth twice daily; hydralazine 25mg, administer by mouth 3 times daily",paras
"dofetilide 500 mg, administer 1 capsule by mouth twice daily; cefepime 2g, administer IV every 8 hours; citalopram 40mg, administer 1 tablet by mouth once daily; Daptomycin 600 mg IV once daily","dofetilide 500 mg, administer 1 capsule by mouth twice daily; cefepime 2g, administer IV every 8 hours; citalopram 40mg, administer 1 tablet by mouth once daily; Daptomycin 600 mg IV once daily; dugtrio ER 15mg PO q12h",dugtrio
"dofetilide 500 mg, administer 1 capsule by mouth twice daily; cefepime 2g, administer IV every 8 hours; linezolid 600mg, take 1 tablet by mouth every 12 hours; lamotrigine 25 mg, administer 1 tablet by mouth once daily","dofetilide 500 mg, administer 1 capsule by mouth twice daily; diglett 1mg IV q6h; cefepime 2g, administer IV every 8 hours; linezolid 600mg, take 1 tablet by mouth every 12 hours; lamotrigine 25 mg, administer 1 tablet by mouth once daily",diglett
"Doxorubicin 60 mg/m2 IV daily; Diltiazem 10 mg/hour, administer IV as a continuous infusion; enoxaparin 80mg, administer SC twice daily; Ondansetron 4mg, administer IV every 4 hours as needed for nausea","Doxorubicin 60 mg/m2 IV daily; Diltiazem 10 mg/hour, administer IV as a continuous infusion; mankey 75mg IV daily; enoxaparin 80mg, administer SC twice daily; Ondansetron 4mg, administer IV every 4 hours as needed for nausea",mankey
Doxorubicin25mg/m2 every 21 days; ferrous sulfate 325mg PO daily; docusate 100mg PO BID; hydrocodone/acetaminophen 5/325mg PO q6h PRN pain; propafenone 225mg ER PO BID,Doxorubicin25mg/m2 every 21 days; arcanine 1mg IV qday; ferrous sulfate 325mg PO daily; docusate 100mg PO BID; hydrocodone/acetaminophen 5/325mg PO q6h PRN pain; propafenone 225mg ER PO BID,arcanine
doxycycline 100mg PO BID; calcium carbonate 500mg PO BID; vasopressin 0.04 units/min IV; ceftriaxone 2000mg IV q24h,doxycycline 100mg PO BID; venomouth 100mg PO once; calcium carbonate 500mg PO BID; vasopressin 0.04 units/min IV; ceftriaxone 2000mg IV q24h,venomoth
doxycycline 100mg PO BID; isotretinoin 0.5mg/kg PO BID; levothyroxine 88mcg PO daily; vasopressin 0.04 units/min IV,espeon 75mg IM weekly; doxycycline 100mg PO BID; isotretinoin 0.5mg/kg PO BID; levothyroxine 88mcg PO daily; vasopressin 0.04 units/min IV,espeon
"Dronedarone 400mg PO BID; insulin determir 10 unit SQ QAM, famotidine 20mg BID; digoxin 62.5mcg PO daily","Dronedarone 400mg PO BID; insulin determir 10 unit SQ QAM, misdreavus 15mg IM once; famotidine 20mg BID; digoxin 62.5mcg PO daily",misdreavus
Tenecteplase 35 mg IV bolus administered over 10 seconds; Norepinephrine 15 mcg/min titrated to MAP; Morphine 2 g IV every 2 hours; Droperidol 1.25 mg administered IV,Tenecteplase 35 mg IV bolus administered over 10 seconds; Norepinephrine 15 mcg/min titrated to MAP; Morphine 2 g IV every 2 hours; Droperidol 1.25 mg administered IV; unown 10mg PO once,unown
darunavir 800mg PO daily; efavirenz 600mg PO daily; docusate 100mg PO TID; vancomycin 1500mg IV q12h; aztreonam 2000mg IV q8h; norepinephrine 25mcg/hr IV,darunavir 800mg PO daily; efavirenz 600mg PO daily; girafarig 100mg IV q3 months; docusate 100mg PO TID; vancomycin 1500mg IV q12h; aztreonam 2000mg IV q8h; norepinephrine 25mcg/hr IV,girafarig
efavirenz 600mg PO daily; warfarin 5mg PO daily; famotidine 20mg PO q12h; lisinopril 20mg PO daily; polyethylene glycol 17gm PO daily,efavirenz 600mg PO daily; warfarin 5mg PO daily; pineco 10mg PO TIDAC; famotidine 20mg PO q12h; lisinopril 20mg PO daily; polyethylene glycol 17gm PO daily,pineco
Elvitegravir 150mg; fluoxetine 40mg PO daily; lisinopril 40mg PO daily; ferrous sulfate 325mg PO every other day,Elvitegravir 150mg; fluoxetine 40mg PO daily; lisinopril 40mg PO daily; gligar 1mg IV q4weeks; ferrous sulfate 325mg PO every other day,gligar
"Alteplase 100 mg IV infused over 2 hours; Etomidate 20 mg IV; Succinylcholine 20 mg IV; Atropine 0.5 mg IV every 60 minutes as needed; Pantoprazole 40 mg IV once daily; enoxaparin 40mg, administer SC once daily","Alteplase 100 mg IV infused over 2 hours; steelix 10mg IM weekly; Etomidate 20 mg IV; Succinylcholine 20 mg IV; Atropine 0.5 mg IV every 60 minutes as needed; Pantoprazole 40 mg IV once daily; enoxaparin 40mg, administer SC once daily",steelix
Acetylcysteine 9750 mg IV over 1 hour; Pantoprazole 40 mg IV once daily; Enoxaparin 40 mg SQ once daily; Apixaban 5 mg by mouth twice daily,Agron 5mg IV daily; Acetylcysteine 9750 mg IV over 1 hour; Pantoprazole 40 mg IV once daily; Enoxaparin 40 mg SQ once daily; Apixaban 5 mg by mouth twice daily,aggron
Dexamethasone 10 mg IV every 6 hours for 4 days; Vancomycin 20 mg/kg IV every 8 hours; Ertapenem 1 g administered IV once daily; Ondansetron 4 mg every 4 to 8 hours as needed; Valproic Acid 250 mg by mouth two times daily,Dexamethasone 10 mg IV every 6 hours for 4 days; Vancomycin 20 mg/kg IV every 8 hours; Meditite 75mg PO daily; Ertapenem 1 g administered IV once daily; Ondansetron 4 mg every 4 to 8 hours as needed; Valproic Acid 250 mg by mouth two times daily,meditite
"Felbamate 400mg, administer by mouth three times daily; Primidone 50mg, adminster 1 tablet by mouth once daily; docusate 100mg, administer by mouth once daily; lactulose 30g, administer by mouth four times daily","Felbamate 400mg, administer by mouth three times daily; Primidone 50mg, adminster 1 tablet by mouth once daily; docusate 100mg, administer by mouth once daily; lactulose 30g, administer by mouth four times daily; medicham 1mg PO q6h PRN nausea",medicham
fentanyl 100mcg/hr IV;hydrocodone/acetaminophen 10/325mg 1 tab PO q6h PRN pain; ceftriaxone 2000mg IV q24h; valsartan 40mg PO BID; metronidazole 500mg IV q8h,fentanyl 100mcg/hr IV;hydrocodone/acetaminophen 10/325mg 1 tab PO q6h PRN pain; manectic 10mg 1 suppository rectally daily PRN constipation; ceftriaxone 2000mg IV q24h; valsartan 40mg PO BID; metronidazole 500mg IV q8h,manectic
fentanyl 100mcg/hr IV; ketamine 0.2mcg/kg/hr IV; ceftriaxone 2000mg IV q12h; vancomycin 750mg IV q8h; metronidazole 500mg IV q8h,fentanyl 100mcg/hr IV; ketamine 0.2mcg/kg/hr IV; ceftriaxone 2000mg IV q12h; hariyama 10mg IM once PRN anaphylaxis; vancomycin 750mg IV q8h; metronidazole 500mg IV q8h,hariyama
"Fentanyl 50 mcg, administer IV every hour as needed; Linezolid 600mg, adminster by mouth every 12 hours; cefepime 2g, administer IV every 8 hours; enoxaparin 40mg; adminster SC daily","Fentanyl 50 mcg, administer IV every hour as needed; delcatty 100mg IV q6h; Linezolid 600mg, adminster by mouth every 12 hours; cefepime 2g, administer IV every 8 hours; enoxaparin 40mg; adminster SC daily",delcatty
"ferrous sulfate 65mg, adminsiter by mouth every other day; enoxaparin 40mg; adminster SC daily; Moxifloxacin 400mg, administer by mouth once daily; midodrine 5mg, administer by mouth three times daily","ferrous sulfate 65mg, adminsiter by mouth every other day; enoxaparin 40mg; adminster SC daily; Moxifloxacin 400mg, administer by mouth once daily; midodrine 5mg, administer by mouth three times daily; mawile 8mg PO daily",mawile
"Flecainide 100 mg, administer by mouth every 12 hours; Vancomycin 1250mg; adminster IV every 8 hours; Cefepime 1 g IV every 8 hours; Methadone 70mg; administer by mouth daily","Flecainide 100 mg, administer by mouth every 12 hours; aron 1mg SQ once; Vancomycin 1250mg; adminster IV every 8 hours; Cefepime 1 g IV every 8 hours; Methadone 70mg; administer by mouth daily",aron
"paroxetine 20mg, administer by mouth once daily; Albumin 1 g/kg, adminsiter IV once; rosuvastatin 20mg, administer by mouth once daily; Flecainide 100 mg, administer by mouth every 12 hours","paroxetine 20mg, administer by mouth once daily; Albumin 1 g/kg, administer IV once; rosuvastatin 20mg, administer by mouth once daily; Flecainide 100 mg, administer by mouth every 12 hours; lairon 1000mg IV once",lairon
"Enoxaparin 40 mg, administer SQ daily; Flecainide 100 mg, administer by mouth every 12 hours; Ritonavir 200mg, administer by mouth twice daily; Sulfamethoxazole-Trimethoprim 20 mg/kg/day, divided into three doses","Enoxaparin 40 mg, administer SQ daily; vigoroth 10mg, administer by mouth daily; Flecainide 100 mg, administer by mouth every 12 hours; Ritonavir 200mg, administer by mouth twice daily; Sulfamethoxazole-Trimethoprim 20 mg/kg/day, divided into three doses",vigoroth
Fluconazole 100mg PO daily; phenytoin 100mg IV q8h; cefepime 1000mg IV q12h; enalapril 10mg daily,Fluconazole 100mg PO daily; phenytoin 100mg IV q8h; cefepime 1000mg IV q12h; enalapril 10mg daily; nincada 125mg PO q12h,nincada
"ampicillin-sulbactam 1.5g, administer IV every 6 hours; flucytosine 1750mg, administer IV four times daily; amphotericin B liposomal 5 mg/kg, administered IV once daily; Senna 8.6 mg, take 1 tablet by mouth as needed for constipation; polyethylene glycol 17g, Dissolve 17g in 120 ml of liquid once daily as needed for constipation;","ampicillin-sulbactam 1.5g, administer IV every 6 hours; flucytosine 1750mg, administer IV four times daily; ninjask 50mcg/actuation 1 inhalation PO BID; amphotericin B liposomal 5 mg/kg, administered IV once daily; Senna 8.6 mg, take 1 tablet by mouth as needed for constipation; polyethylene glycol 17g, Dissolve 17g in 120 ml of liquid once daily as needed for constipation;",ninjask
fluoxetine 40mg PO daily; neostigmine 0.05mg/kg IV once; citalopram 20mg PO daily; methotrexate 20mg PO weekly,"fluoxetine 40mg PO daily; neostigmine 0.05mg/kg IV once; whismur 1mcg IV q0900, citalopram 20mg PO daily; methotrexate 20mg PO weekly",whismur
Furosemide 80mg IV once; desmopressin 28mcg IV once; ketamine 0.2mg/kg/hr IV; 5% lidocaine apply topically to affected area BIDq,surskit 10mg IV once; furosemide 80mg IV once; desmopressin 28mcg IV once; ketamine 0.2mg/kg/hr IV; 5% lidocaine apply topically to affected area BIDq,surskit
Furosemide 40mg PO q12h; spironolactone 25mg PO daily; pantoprazole 40mg PO BID; ketamine 0.2mg/kg/hr IV,Furosemide 40mg PO q12h; kirlia 150mg IV q3 months; spironolactone 25mg PO daily; pantoprazole 40mg PO BID; ketamine 0.2mg/kg/hr IV,kirlia
"Loperamide 2mg, administer by mouth as needed for loose stools; simethacone 125mg, administer by mouth 3 times daily as neeed for gas; gabapentin 300mg, administer by mouth 3 times daily; hydromorphone 1mg, adminsiter IV every 6 hours as needed for pain","Loperamide 2mg, administer by mouth as needed for loose stools; vespiquen 1000mg IV once; simethacone 125mg, administer by mouth 3 times daily as neeed for gas; gabapentin 300mg, administer by mouth 3 times daily; hydromorphone 1mg, administer IV every 6 hours as needed for pain",vespiquen
"Ganciclovir 5 mg/kg, administered IV every 12 hours; amphotericin B liposomal 5 mg/kg, administered IV once daily; Senna 8.6 mg, take 1 tablet by mouth as needed for constipation; polyethylene glycol 17g, Dissolve 17g in 120 ml of liquid once daily as needed for constipation; Fentanyl 50 mcg IV every hour as needed","Ganciclovir 5 mg/kg, administered IV every 12 hours; amphotericin B liposomal 5 mg/kg, administered IV once daily; Senna 8.6 mg, take 1 tablet by mouth as needed for constipation; polyethylene glycol 17g, Dissolve 17g in 120 ml of liquid once daily as needed for constipation; parchirisu 100mg IV q4h PRN agitation; Fentanyl 50 mcg IV every hour as needed for pain",parchirisu
"Gentamicin 10 mg IV once daily; Norepinephrine 15 mcg/min titrated to MAP; Acetaminophen 30 mg IV every 6 hours; Heparin 5000 units SQ every 8 hours; Foscarnet 60mg/kg/dose, adminsiter IV every 8 hours","Gentamicin 10 mg IV once daily; Norepinephrine 15 mcg/min titrated to MAP; buizel 1mg sublingually q8h; Acetaminophen 30 mg IV every 6 hours; Heparin 5000 units SQ every 8 hours; Foscarnet 60mg/kg/dose, adminsiter IV every 8 hours",buizel
Glipizide 2.5mg PO daily; insulin determir 20 units SQ BID; aztreonam 2000mg IV q8h; docusate 100mg PO daily,Glipizide 2.5mg PO daily; insulin determir 20 units SQ BID; aztreonam 2000mg IV q8h; docusate 100mg PO daily; gastrodon 5mg rectally daily PRN constipation,gastrodon
Glycopyrrolate 0.2 mg every 4 to 8 hours as needed; Morphine 2 mg IV every 2 hours as needed; Enoxaparin 40 mg SQ once daily; Famotidine 20 mg IV twice daily,Glycopyrrolate 0.2 mg every 4 to 8 hours as needed; minior 110mg PO daily; Morphine 2 mg IV every 2 hours as needed; Enoxaparin 40 mg SQ once daily; Famotidine 20 mg IV twice daily,minior
Naloxone 1 mg/hour IV administered as a continuous infusion; Midazolam 2.5 mg IV every 5 minutes as needed; Procainamide 4 mg/minute IV as a continuous infusion; Granisetron 3 mg administered IV,Naloxone 1 mg/hour IV administered as a continuous infusion; Midazolam 2.5 mg IV every 5 minutes as needed; Procainamide 4 mg/minute IV as a continuous infusion; Granisetron 3 mg administered IV; komala 250mg IV q4h,komala
Guanfacine 1mg PO QHS; vancomycin 1500mg IV q12h; docusate 100mg PO q12h; hydrocortisone 50mg IV q6h; alprazolam 1mg PO QHS PRN sleep,Guanfacine 1mg PO QHS; vancomycin 1500mg IV q12h; rellor 12mg IM q day PRN constipation; docusate 100mg PO q12h; hydrocortisone 50mg IV q6h; alprazolam 1mg PO QHS PRN sleep,rellor
"Morphine 2 mg administered IV every 2 hours; Piperacillin-Tazobactam 4.5 g IV every 6 hours; Haloperidol 0.5 mg, administer IV every 15 minutes as needed for delirium; Unfractionated Heparin 5000 units SQ every 8 hours","Morphine 2 mg administered IV every 2 hours; Piperacillin-Tazobactam 4.5 g IV every 6 hours; Haloperidol 0.5 mg, administer IV every 15 minutes as needed for delirium; Unfractionated Heparin 5000 units SQ every 8 hours; rabsca 15mg PO once",rabsca
"Lidocaine 2 mg/min, Administer IV as a continuous infusion, Piperacillin-tazobactam 4.5 g IV every 6 hours; heparin 12 units/kg/hour, administer IV as a contiuous infusion; alteplase 0.15 mg/kg/hour, administer IV for 6 hours","Lidocaine 2 mg/min, Administer IV as a continuous infusion, Espathra 10mg IM q weekly; Piperacillin-tazobactam 4.5 g IV every 6 hours; heparin 12 units/kg/hour, administer IV as a contiuous infusion; alteplase 0.15 mg/kg/hour, administer IV for 6 hours",espathra
"Sertraline 50mg, administer by mouth once daily; heparin 12 units/kg/hour, administer IV as a contiuous infusion; Acetylcysteine 9750 mg IV over 1 hour; Pantoprazole 40 mg IV once daily","Finizen 75mg po daily; Sertraline 50mg, administer by mouth once daily; heparin 12 units/kg/hour, administer IV as a contiuous infusion; Acetylcysteine 9750 mg IV over 1 hour; Pantoprazole 40 mg IV once daily",finizen
Hydrocodone/acetaminophen 5/325 1 tab PO q6h PRN pain; alprazolam 1mg PO qhs PRN sleep; lisinopril 20mg PO qhs; metoprolol succinate 50mg PO daily,Hydrocodone/acetaminophen 5/325 1 tab PO q6h PRN pain; alprazolam 1mg PO qhs PRN sleep; palafin 10% apply topically to affected area twice daily; lisinopril 20mg PO qhs; metoprolol succinate 50mg PO daily,palafin
Hydrocortisone 50mg IV q6h; desmopressin 1mcg IV once; norepinephrine 0.2mcg/kg/min; cefepime 2000mg IV q8h; vancomycin IV 2000mg once,Hydrocortisone 50mg IV q6h; desmopressin 1mcg IV once; norepinephrine 0.2mcg/kg/min; smoliv 25mg IV once; cefepime 2000mg IV q8h; vancomycin IV 2000mg once,smoliv
Hydrocortisone 50mg IV q6h; vasopressin 0.04units/min; insulin aspart 5 units SQ TIDAC; azithromycin 500mg IV daily; lidocaine 5% patch apply topically daily PRN pain,Hydrocortisone 50mg IV q6h; dolliv 15mg PO daily; vasopressin 0.04units/min; insulin aspart 5 units SQ TIDAC; azithromycin 500mg IV daily; lidocaine 5% patch apply topically daily PRN pain,dolliv
"Hydromorphone 1 mg IV every 60 minutes; Dexmedetomidine 105 mcg IV every 60 minutes; Sulfamethoxazole-Trimethoprim 20 mg/kg/day, divided into three doses; Lactated Ringerâ€™s injection, administer 250 ml IV as needed","Hydromorphone 1 mg IV every 60 minutes; arboliva ER 80mg PO daily; Dexmedetomidine 105 mcg IV every 60 minutes; Sulfamethoxazole-Trimethoprim 20 mg/kg/day, divided into three doses; Lactated Ringer's injection, administer 250 ml IV as needed",arboliva
"Hydromorphone 1 mg every 3 hours as needed; Piperacillin-Tazobactam 4.5 g IV every 6 hours; Haloperidol 0.5 mg, administer IV every 15 minutes as needed for delirium; Unfractionated Heparin 5000 units SQ every 8 hours","Hydromorphone 1 mg every 3 hours as needed; Piperacillin-Tazobactam 4.5 g IV every 6 hours; ceruledge 50mg PO daily; Haloperidol 0.5 mg, administer IV every 15 minutes as needed for delirium; Unfractionated Heparin 5000 units SQ every 8 hours",ceruledge
Lorazepam 4 mg IV every 2 to 6 hours as needed; Hydromorphone 1 mg every 3 hours as needed; Ranitidine 50 mg IV every 8 hours; Heparin 5000 units SQ every 8 hours,Lorazepam 4 mg IV every 2 to 6 hours as needed; bramblin 100mg PO once; Hydromorphone 1 mg every 3 hours as needed; Ranitidine 50 mg IV every 8 hours; Heparin 5000 units SQ every 8 hours,bramblin
"Argatrobran 35 mcg/minute IV as a continuous infusion; Norepinephrine IV 0.05 mcg/kg/min, titrated to MAP goal; Imipenem/Cilastatin 500 mg IV every 6 hours; Mycophenolate mofetil 1 g IV twice daily","Argatrobran 35 mcg/minute IV as a continuous infusion; Norepinephrine IV 0.05 mcg/kg/min, titrated to MAP goal; Imipenem/Cilastatin 500 mg IV every 6 hours; Mycophenolate mofetil 1 g IV twice daily ; capsakid 5% apply topically to affected area q6h PRN pain",capsakid
"Argatrobran 35 mcg/minute IV as a continuous infusion; Norepinephrine IV 0.05 mcg/kg/min, titrated to MAP goal; Imipenem/Cilastatin 500 mg IV every 6 hours; Valproic Acid 250 mg by mouth two times daily.","Argatrobran 35 mcg/minute IV as a continuous infusion; Norepinephrine IV 0.05 mcg/kg/min, titrated to MAP goal; Imipenem/Cilastatin 500 mg IV every 6 hours; Valproic Acid 250 mg by mouth two times daily; poliwag 150mg PO q8h",poliwag
"Immune globulin 1 g/kg , administer IV over 4 hours; Ondansetron 4 mg administered IV every 4 hours as needed; Esomeprazole 40 mg IV administered once daily; Eculizumab 900mg, administer IV once weekly for 4 weeks","Immune globulin 1 g/kg , administer IV over 4 hours; Ondansetron 4 mg administered IV every 4 hours as needed; abra 25mg IV once; Esomeprazole 40 mg IV administered once daily; Eculizumab 900mg, administer IV once weekly for 4 weeks",abra
"Isavuconazonium 372 mg, administer 1 tablet by mouth once daily; acyclovir 800 mg, administer 1 tablet by mouth twice daily; Labetalol 10 mg, administer IV every 10 minutes as needed for blood pressure, alprazolam 0.5 mg, administer by mouth as needed for anxiety","Isavuconazonium 372 mg, administer 1 tablet by mouth once daily; acyclovir 800 mg, administer 1 tablet by mouth twice daily; victreebel 100mg PO qam; Labetalol 10 mg, administer IV every 10 minutes as needed for blood pressure, alprazolam 0.5 mg, administer by mouth as needed for anxiety",victreebel
Aztreonam 2000mg IV q8h; itraconazole 130mg PO BID; digoxin 125mcg PO daily; lisinopril 10mg PO daily,Ponyta 80mg PO once; Aztreonam 2000mg IV q8h; itraconazole 130mg PO BID; digoxin 125mcg PO daily; lisinopril 10mg PO daily,ponyta
Itraconazole 200mg PO Q12h; dronedarone 400mg PO BID; insulin aspart 5 units SQ TIDAC; docusate 100mg once PRN constipation,Itraconazole 200mg PO Q12h; dronedarone 400mg PO BID; doduo 15mg IM once; insulin aspart 5 units SQ TIDAC; docusate 100mg once PRN constipation,doduo
Vancomycin 500mg IV q12h; famotidine 20mg IV daily; itraconazole 200mg PO once daily; lidocaine 4% cream topically to affected area twice daily,Vancomycin 500mg IV q12h; dodrio 150mg IV q weekly; famotidine 20mg IV daily; itraconazole 200mg PO once daily; lidocaine 4% cream topically to affected area twice daily,dodrio
Itraconazole 200mg PO q12h; pantoprazole 40mg PO BID; polyethylene glycol 17gm PO daily; cefepime 1000mg IV q12h,Itraconazole 200mg PO q12h; pantoprazole 40mg PO BID; polyethylene glycol 17gm PO daily; seel 50mg/mL suspension take 5mL po daily; cefepime 1000mg IV q12h,seel
rivaroxaban 20mg PO daily; ferrous sulfate 325mg PO every other day; lidocaine 5% patch topically daily; ketoconazole 200mg PO daily; ceftriaxone 1000mg IV q24h,"rivaroxaban 20mg PO daily; ferrous sulfate 325mg PO every other day; lidocaine 5% patch topically daily; ketoconazole 200mg PO daily; ceftriaxone 1000mg IV q24h, gengar 25mg/mL take 15mL po daily",gengar
"lamotrigine 25 mg, administer 1 tablet by mouth once daily; Carbamazepine 100mg, adminsiter by mouth 3 times daily; Famotidine 20 mg IV once; Ertapenem 1g, administer IV once daily","lamotrigine 25 mg, administer 1 tablet by mouth once daily; onix 20mg PO daily PRN pain; Carbamazepine 100mg, adminsiter by mouth 3 times daily; Famotidine 20 mg IV once; Ertapenem 1g, administer IV once daily",onix
"Topiramate 50mg, administer by mouth once daily; lamotrigine 25 mg, administer 1 tablet by mouth once daily; Rocuronium 80mg, adminsiter IV once; Etomidate 20 mg IV;","Topiramate 50mg, administer by mouth once daily; suicune 150mg PO daily; lamotrigine 25 mg, administer 1 tablet by mouth once daily; Rocuronium 80mg, adminsiter IV once; Etomidate 20 mg IV once",suicune
"Sulfamethoxazole-Trimethoprim 20 mg/kg/day, divided into three doses; Valproic Acid 250 mg by mouth two times daily; Epinephrine 0.07 mcg/kg/minute IV as a continuous infusion; lamotrigine 25 mg, administer 1 tablet by mouth once daily","Sulfamethoxazole-Trimethoprim 20 mg/kg/day, divided into three doses; Entei 200mg IV once; Valproic Acid 250 mg by mouth two times daily; Epinephrine 0.07 mcg/kg/minute IV as a continuous infusion; lamotrigine 25 mg, administer 1 tablet by mouth once daily",entei
"Ceftriaxone 2g, administer IV once daily; levofloxacin 750 mg, administer IV once daily; Enoxaparin 40 mg, administer SQ daily; Haloperidol 0.5 mg, administer IV every 15 minutes as needed for delirium.","Raikou 50mg PO q12h; Ceftriaxone 2g, administer IV once daily; levofloxacin 750 mg, administer IV once daily; Enoxaparin 40 mg, administer SQ daily; Haloperidol 0.5 mg, administer IV every 15 minutes as needed for delirium.",raikou
Levothyroxine 200mcg IV once; calcium carbonate 500mg PO BID; neostigmine 0.05mg/kg IV once; aztreonam 2000mg IV q8h; sulfamethoxazole/trimethoprim 800/160 1 tab PO q12h,Levothyroxine 200mcg IV once; calcium carbonate 500mg PO BID; elekid 100mg IV once; neostigmine 0.05mg/kg IV once; aztreonam 2000mg IV q8h; sulfamethoxazole/trimethoprim 800/160 1 tab PO q12h,elekid
"Levothyroxine 75 mcg IV once daily; Vancomycin 1000 mg IV, administer every 8 hours; Acetaminophen 650 mg IV, every 6 hours as needed for fever; ferrous sulfate 65mg, adminsiter by mouth every other day","Levothyroxine 75 mcg IV once daily; tyrogue 750mg IV once; Vancomycin 1000 mg IV, administer every 8 hours; Acetaminophen 650 mg IV, every 6 hours as needed for fever; ferrous sulfate 65mg by mouth every other day",tyrogue
Warfarin 5mg PO daily; famotidine 20mg IV once; docusate 100mg PO q12h; vasopressin 0.04unit/min IV; levothyroxine 112mcg PO qam,Warfarin 5mg PO daily; famotidine 20mg IV once; porygon 100mg PO q12h; docusate 100mg PO q12h; vasopressin 0.04unit/min IV; levothyroxine 112mcg PO qam,porygon
"Bivalirudin 0.2 mg/kg/hour, administer IV as a continuous infusion and titrate to aPTT goals; Lidocaine 2 mg/min, Administer IV as a continuous infusion; calcium chloride 1g, administer IV over 20 minutes; Cisatracurium 1 mcg/kg/minute continuous IV infusion","Bivalirudin 0.2 mg/kg/hour, administer IV as a continuous infusion and titrate to aPTT goals; Lidocaine 2 mg/min, Administer IV as a continuous infusion; calcium chloride 1g, administer IV over 20 minutes; Cisatracurium 1 mcg/kg/minute continuous IV infusion; kingdra 150mg IM weekly",kingdra
"Lidocaine 2 mg/min, Administer IV as a continuous infusion, Piperacillin-tazobactam 4.5 g IV every 6 hours; Daptomycin 600 mg IV once daily; Phenobarbital 260 mg, administer IV once;","Lidocaine 2 mg/min, Administer IV as a continuous infusion, skarmory 75mg, administer orally in the morning; Piperacillin-tazobactam 4.5 g IV every 6 hours; Daptomycin 600 mg IV once daily; Phenobarbital 260 mg, administer IV once;",skarmory
"Argatrobran 35 mcg/minute IV as a continuous infusion; Vasopressin 15 mcg/ minute titrated to MAP, titrated to MAP goal; Linezolid 600 mg IV every 12 hours; Mycophenolate mofetil 1 g IV twice daily","Argatrobran 35 mcg/minute IV as a continuous infusion; Vasopressin 15 mcg/ minute titrated to MAP, titrated to MAP goal; mantine 150mg, administer orally with food twice daily; Linezolid 600 mg IV every 12 hours; Mycophenolate mofetil 1 g IV twice daily",mantine
"Linezolid 600mg, adminster by mouth every 12 hours; Quetiapine 50 mg, administer by mouth at bedtime; cefepime 2g, administer IV every 8 hours; enoxaparin 40mg; adminster SC daily","Linezolid 600mg, administer by mouth every 12 hours; Octillery 75mcg IV once daily; Quetiapine 50 mg, administer by mouth at bedtime; cefepime 2g, administer IV every 8 hours; enoxaparin 40mg; adminster SC daily",octillery
Linezolid 600mg PO q12h; tramadol 50mg BID; piperacillin/tazobactam 3.375gm q12h; esomeprazole 30mg PO daily,Linezolid 600mg PO q12h; tramadol 50mg BID; corsola 300mg IV once monthly; piperacillin/tazobactam 3.375gm q12h; esomeprazole 30mg PO daily,corsola
Lisinopril 20mg PO daily; propofol 40mcg/kg/min; cefepime 2000mg IV q24h; rivaroxaban 20mg PO daily,Lisinopril 20mg PO daily; propofol 40mcg/kg/min; cefepime 2000mg IV q24h; ursaring 1 ring vaginally every 28 days; rivaroxaban 20mg PO daily,ursaring
"Lithium 300mg, adminsiter by mouth twice daily; Vasopressin 0.03 units/min; Famotidine 20 mg IV twice daily; chlorothiazide 250mg, administer IV once; enoxaparin 40mg; adminster SC daily","Sneasel 50mg/act 1 puff in each nostril daily; Lithium 300mg, adminsiter by mouth twice daily; Vasopressin 0.03 units/min; Famotidine 20 mg IV twice daily; chlorothiazide 250mg, administer IV once; enoxaparin 40mg; adminster SC daily",sneasel
Fluoxetine 20mg PO daily; ceftriaxone 1000mg IV daily; hydrocortisone 50mg IV q6h; lithium 600mg ER PO daily,Fluoxetine 20mg PO daily; scisor 750mg IV once; ceftriaxone 1000mg IV daily; hydrocortisone 50mg IV q6h; lithium 600mg ER PO daily,scizor
linezolid 600mg PO BID; docusate 100mg PO daily; pantoprazole 40mg IV q12h; lithium 300mg PO BID,linezolid 600mg PO BID; anorinth 500mg IV q8h; docusate 100mg PO daily; pantoprazole 40mg IV q12h; lithium 300mg PO BID,anorith
losartan 50mg PO daily; ceftriaxone 1000mg IV daily; vancomycin 2000mg IV once; hydrocortisone 50mg IV q6h; lithium 300mg PO TID; metoprolol tartrate 50mg PO q8h,losartan 50mg PO daily; ceftriaxone 1000mg IV daily; vancomycin 2000mg IV once; hydrocortisone 50mg IV q6h; lithium 300mg PO TID; metoprolol tartrate 50mg PO q8h; cradily 400mg PO daily,cradily
"Milrinone 0.25 mcg/kg/minute, administer IV as a continuous infusion; Micafungin 100mg, administer IV once daily; Lithium 300mg, adminsiter by mouth twice daily; paroxetine 20mg, administer by mouth once daily","Lileep 1 suppository rectally q24h; Milrinone 0.25 mcg/kg/minute, administer IV as a continuous infusion; Micafungin 100mg, administer IV once daily; Lithium 300mg, adminsiter by mouth twice daily; paroxetine 20mg, administer by mouth once daily",lileep
"Lithium 300mg, adminsiter by mouth twice daily; Midazolam 5 mg administered IV every 15 minutes until sedation is achieved; Thiamine 400mg, administer IV three times daily; Selegeline 5mg, administer by mouth twice daily with breakfast","Baltoy 10mg Po daily; Lithium 300mg, adminsiter by mouth twice daily; Midazolam 5 mg administered IV every 15 minutes until sedation is achieved; Thiamine 400mg, administer IV three times daily; Selegeline 5mg, administer by mouth twice daily with breakfast",baltoy
"Naloxone 1 mg/hour IV administered as a continuous infusion; Lorazepam 1 mg IV as needed for agitation; Ondansetron 4 mg administered IV every 4 hours as needed; Esomeprazole 40 mg IV administered once daily; hydromorphone 1mg, adminsiter IV every 6 hours as needed for pain","Naloxone 1 mg/hour IV administered as a continuous infusion; solrock 1mg SQ daily; Lorazepam 1 mg IV as needed for agitation; Ondansetron 4 mg administered IV every 4 hours as needed; Esomeprazole 40 mg IV administered once daily; hydromorphone 1mg, adminsiter IV every 6 hours as needed for pain",solrock
Lorazepam 4 mg IV every 2 to 6 hours as needed; Phenobarbital 130 mg IV every 15-20 minutes until symptoms are controlled; Thiamine 100 mg IV once daily for 3 to 5 days; Pantoprazole 40 mg IV daily,Lorazepam 4 mg IV every 2 to 6 hours as needed; Phenobarbital 130 mg IV every 15-20 minutes until symptoms are controlled; Thiamine 100 mg IV once daily for 3 to 5 days; lunatone 5mg PO QHS prn insomnia; Pantoprazole 40 mg IV daily,lunatone
Lorazepam 0.5 mg/hour IV as a continuous infusion; pantoprazole 40 mg administered IV once daily; Enoxaparin 40 mg SQ once daily; Valproate 40 mg/kg IV at a rate of 10 mg/kg/minute,Lorazepam 0.5 mg/hour IV as a continuous infusion; pantoprazole 40 mg administered IV once daily; altaria 500mg PO q12h; Enoxaparin 40 mg SQ once daily; Valproate 40 mg/kg IV at a rate of 10 mg/kg/minute,altaria
"Losartan 50 mg, administer 1 tablet by mouth once daily; pantoprazole 40mg, administer IV once daily; angiotensin II 40 ng/kg/min, administer IV and titrate as indicated; ondansetron 4 mg, administer IV every 6 hours as needed for nausea","Losartan 50 mg, administer 1 tablet by mouth once daily; pantoprazole 40mg, administer IV once daily; cacnea 1% ointment, administer 1 application topically to the affected area twice daily; angiotensin II 40 ng/kg/min, administer IV and titrate as indicated; ondansetron 4 mg, administer IV every 6 hours as needed for nausea",cacnea
"Sulfamethoxazole-Trimethoprim 20 mg/kg/day, divided into three doses; Ondansetron 4 mg administered IV every 4 hours as needed; Esomeprazole 40 mg IV administered once daily; Losartan 50 mg, administer 1 tablet by mouth once daily;","Sulfamethoxazole-Trimethoprim 20 mg/kg/day, divided into three doses; vibrava 75mg PO daily; Ondansetron 4 mg administered IV every 4 hours as needed; Esomeprazole 40 mg IV administered once daily; Losartan 50 mg, administer 1 tablet by mouth once daily;",vibrava
"Macitentan 10mg, administer by mouth once daily; Fluconazole 400 mg, Administer IV once daily; Sevelamer 1200 mg, administer by mouth three times daily with meals; furosemide 40mg, administer IV once","Macitentan 10mg, administer by mouth once daily; Torcoal 5mg PO daily; Fluconazole 400 mg, Administer IV once daily; Sevelamer 1200 mg, administer by mouth three times daily with meals; furosemide 40mg, administer IV once",torkoal
"Methotrexate 15mg, administer 1 tablet by mouth once weekly; Prednisone 40mg, administer 1 tablet by mouth once daily; Acetaminophen 650 mg administered IV every 4 hours; azathioprine 50mg, adminster 1 tablet by mouth once daily","Methotrexate 15mg, administer 1 tablet by mouth once weekly; Numel 10mg IM weekly; Prednisone 40mg, administer 1 tablet by mouth once daily; Acetaminophen 650 mg administered IV every 4 hours; azathioprine 50mg, adminster 1 tablet by mouth once daily",numel
"Methylene blue 100mg IV daily; citalopram 40mg PO daily, piperacillin/tazobactam 4500mg q8h; famotidine 20mg IV q12h","Methylene blue 100mg IV daily; citalopram 40mg PO daily, gulpin 50mg PO daily; piperacillin/tazobactam 4500mg q8h; famotidine 20mg IV q12h",gulpin
"Magnesium Sulfate 4 g IV over 15 minutes; furosemide 80mg, Administer IV once; escitalopram 10mg, administer by mouth daily; Methylene blue 2 mg/kg, administer IV over 60 minutes","Magnesium Sulfate 4 g IV over 15 minutes; furosemide 80mg, Administer IV once; escitalopram 10mg, administer by mouth daily; Methylene blue 2 mg/kg, administer IV over 60 minutes; roselia 5% apply topically to the affected area daily PRN itching",roselia
Quetiapine 100mg PO BID; methylene blue 150mg IV once; cefepime 2000mg IV q8h; polyethylene glycol 17gm PO daily,Quetiapine 100mg PO BID; methylene blue 150mg IV once; illumise 10units IV once 1 hour prior to procedure; cefepime 2000mg IV q8h; polyethylene glycol 17gm PO daily,illumise
"Methylene blue 2 mg/kg, administer IV over 60 minutes; Thiamine 400mg, administer IV three times daily; Lacteted ringers 1000 ml, administer IV once; Selegeline 5mg, administer by mouth twice daily with breakfast","Methylene blue 2 mg/kg, administer IV over 60 minutes; munchlax 1 suppository rectally daily PRN constipation; Thiamine 400mg, administer IV three times daily; Lacteted ringers 1000 ml, administer IV once; Selegeline 5mg, administer by mouth twice daily with breakfast",munchlax
"Mexilitine 200mg, administer by mouth every 8 hours; Aspirin 81mg, administer by mouth once daily; Theophylline 100mg, adminiter by mouth 3 times daily; Thiamine 400mg, administer IV three times daily","Mexilitine 200mg, administer by mouth every 8 hours; Riolu 75mg IM q8h; Aspirin 81mg, administer by mouth once daily; Theophylline 100mg, adminiter by mouth 3 times daily; Thiamine 400mg, administer IV three times daily",riolu
Midazolam 5 mg IV according to protocol; Phenobarbital 130 mg IV every 15-20 minutes until symptoms are controlled; Thiamine 100 mg IV once daily for 3 to 5 days; Pantoprazole 40 mg IV daily.,"Midazolam 5 mg IV according to protocol; Phenobarbital 130 mg IV every 15-20 minutes until symptoms are controlled; Thiamine 100 mg IV once daily for 3 to 5 days; Pantoprazole 40 mg IV daily, Lucario 12.5mg IV once",lucario
"Mirabegron 25mg, administer by mouth once daily; tamoxifen 20mg, adminsiter 1 tablet by mouth once daily; Ertapenem 1g, administer IV once daily; trimethoprim-sulfamethoxazole 800/160mg ; take 1 tablet by mouth once daily;","Mirabegron 25mg, administer by mouth once daily; skorupi 5mg/kg IV on weeks 0, 2, and 6; tamoxifen 20mg, adminsiter 1 tablet by mouth once daily; Ertapenem 1g, administer IV once daily; trimethoprim-sulfamethoxazole 800/160mg ; take 1 tablet by mouth once daily;",skorupi
"Modafinil 200mg, administer by mouth once daily; letermovir 480mg, adminsiter by mouth once daily; Ceftriaxone 2g, administer IV once daily; Vancomycin 1250mg; adminster IV every 8 hours;","Modafinil 200mg, administer by mouth once daily; letermovir 480mg, adminsiter by mouth once daily; Ceftriaxone 2g, administer IV once daily; Vancomycin 1250mg; adminster IV every 8 hours; drapion 200mg; administer IV every 2 weeks",drapion
Multivitamin 1 tab PO daily; carvedilol 6.25mg PO q12h; vancomycin 1g IV q12h; levothyroxine 88mcg PO qam,Multivitamin 1 tab PO daily; carvedilol 6.25mg PO q12h; carnivine 500mg IV daily; vancomycin 1g IV q12h; levothyroxine 88mcg PO qam,carnivine
"Norethindrone 5mg, administer by mouth three times daily; Epinephrine 0.07 mcg/kg/minute IV as a continuous infusion; Lacteted ringers 1000 ml, administer IV once; Mycophenolate 1g, administer by mouth twice daily","Norethindrone 5mg, administer by mouth three times daily; Epinephrine 0.07 mcg/kg/minute IV as a continuous infusion; Lacteted ringers 1000 ml, administer IV once; Mycophenolate 1g, administer by mouth twice daily; finneon 100mg IV every 4 weeks",finneon
"Mycophenolate 1g, administer by mouth twice daily; Acetaminophen 650mg, take 1 tablet by mouth ever 6 hours as needed for pain; Fluconazole 400 mg, Administer IV once daily; Sevelamer 1200 mg, administer by mouth three times daily with meals","Mycophenolate 1g, administer by mouth twice daily; Acetaminophen 650mg, take 1 tablet by mouth ever 6 hours as needed for pain; Fluconazole 400 mg, Administer IV once daily; Sevelamer 1200 mg, administer by mouth three times daily with meals; lumineon 10mg PO qhs",lumineon
Neostigmine 0.05mg/kg IV once; valproic acid 500mg PO q6h; tobramycin 7mg/kg IV q24h; diltiazem 240mg ER PO daily,Neostigmine 0.05mg/kg IV once; magnezone 100mg PO daily; valproic acid 500mg PO q6h; tobramycin 7mg/kg IV q24h; diltiazem 240mg ER PO daily,magnezone
nifedipine ER 90mg PO daily; metoprolol succinate 50mg PO daily; atorvastatin 10mg PO daily; lisinopril 20mg PO daily,nifedipine ER 90mg PO daily; rhyperior 100mg IV weekly; metoprolol succinate 50mg PO daily; atorvastatin 10mg PO daily; lisinopril 20mg PO daily,rhyperior
aztreonam 2000mg IV q8h; lisinopril 20mg PO daily; propafenone 225mg ER PO q12h; nirmatrelvir/ritonavir 300/100mg 1 tab PO q12h,aztreonam 2000mg IV q8h; electivir 100mg IV daily; lisinopril 20mg PO daily; propafenone 225mg ER PO q12h; nirmatrelvir/ritonavir 300/100mg 1 tab PO q12h,electivire
metoclopramide 10mg PO TID PRN constipation; pantoprazole 40mg PO BID; rivaroxaban 20mg PO daily; nirmetrelvir/ritonavir 300/100mg 1 tab PO BID; vancomycin 1000mg IV q12h,metoclopramide 10mg PO TID PRN constipation; pantoprazole 40mg PO BID; rivaroxaban 20mg PO daily; nirmetrelvir/ritonavir 300/100mg 1 tab PO BID; vancomycin 1000mg IV q12h; leafeon 150mg PO QAM,leafeon
Nirmatrelvir/ritonavir 300/100mg 1 tab PO BID; acetaminophen 500mg PO q6h; ceftriaxone 2000mg IV daily; ticagrelor 90mg PO twice daily,Nirmatrelvir/ritonavir 300/100mg 1 tab PO BID; acetaminophen 500mg PO q6h; glacean 1mg IV once; ceftriaxone 2000mg IV daily; ticagrelor 90mg PO twice daily,glacean
"Nitroglycerin 5 mcg/minute; adminsiter IV as a continuous infusion; acyclovir 800 mg, administer 1 tablet by mouth twice daily; alprazolam 0.5 mg, administer by mouth as needed for anxiety; sildenafil 20mg, administer by mouth 3 times daily","Nitroglycerin 5 mcg/minute; adminsiter IV as a continuous infusion; acyclovir 800 mg, administer 1 tablet by mouth twice daily; alprazolam 0.5 mg, administer by mouth as needed for anxiety; sildenafil 20mg, administer by mouth 3 times daily; gliscor 0.5% 1 drop in each eye daily",gliscor
"Nitroprusside 0.5 mcg/kg/min, adminsitered IV as a continuous infusion; Famotidine 20 mg IV once; acetaminophen 650mg, administer by mouth every 6 hours as needed for pain; riociguat 1mg, administer by mouth 3 times daily","Nitroprusside 0.5 mcg/kg/min, adminsitered IV as a continuous infusion; rotom 100mg PO daily; Famotidine 20 mg IV once; acetaminophen 650mg, administer by mouth every 6 hours as needed for pain; riociguat 1mg, administer by mouth 3 times daily",rotom
"Daptomycin 6 mg/kg IV once daily; Rifampin 600 mg IV once daily; Vasopressin 15 mcg/ minute titrated to MAP; Heparin 5000 units administered SQ every 8 hours; Norepinephrine 0.05 mcg/kg/min, titrated to MAP goal","Daptomycin 6 mg/kg IV once daily; Rifampin 600 mg IV once daily; Vasopressin 15 mcg/ minute titrated to MAP; Heparin 5000 units administered SQ every 8 hours; Norepinephrine 0.05 mcg/kg/min, titrated to MAP goal; uxie 1mg/m2 IV monthly",Uxie
"Norethindrone 5mg, administer by mouth three times daily; Rifampin 600 mg IV once daily; Hydroxyzine 25 mg, take 1 tablet by mouth every 6 hours as needed for anxiety; bumetinide 1mg, administer IV once","Norethindrone 5mg, administer by mouth three times daily; azelf 200mg/act 1 spray in each nostril daily; Rifampin 600 mg IV once daily; Hydroxyzine 25 mg, take 1 tablet by mouth every 6 hours as needed for anxiety; bumetinide 1mg, administer IV once",Azelf
"Olanzapine 5 mg IM as needed; Norepinephrine 0.27 mcg/kg/minute IV as a continuous infusion; Albumin 1 g/kg, adminsiter IV once; rifaximin 550mg, 1 tablet by mouth twice daily; Ciprofloxacin 750 mg, administer by mouth every 12 hours","Olanzapine 5 mg IM as needed; Norepinephrine 0.27 mcg/kg/minute IV as a continuous infusion; Albumin 1 g/kg, adminsiter IV once; rifaximin 550mg, 1 tablet by mouth twice daily; Ciprofloxacin 750 mg, administer by mouth every 12 hours; darumaka 750mg IV once",darumaka
"Olanzapine 5 mg IM as needed; Norepinephrine 0.27 mcg/kg/minute IV as a continuous infusion; Albumin 1 g/kg, adminsiter IV once; rifaximin 550mg, 1 tablet by mouth twice daily; Haloperidol 0.5 mg, administer IV every 15 minutes as needed for agitation","Olanzapine 5 mg IM as needed; Norepinephrine 0.27 mcg/kg/minute IV as a continuous infusion; Maractus 3% 1 application topically to affected area TID; Albumin 1 g/kg, administer IV once; rifaximin 550mg, 1 tablet by mouth twice daily; Haloperidol 0.5 mg, administer IV every 15 minutes as needed for agitation",maractus
"Daptomycin 600 mg IV once daily; ceftaroline 600mg, administer IV every 8 hours; baclofen 10mg, administer by mouth 3 times daily; oxycodone 5mg, administer every 6 hours as needed for pain","Daptomycin 600 mg IV once daily; ceftaroline 600mg, administer IV every 8 hours; baclofen 10mg, administer by mouth 3 times daily; sigilyph 100mg IV once monthly; oxycodone 5mg, administer every 6 hours as needed for pain",sigilyph
Oxycodone 10mg PO q6h; metoprolol tartrate 50mg PO q6h; docusate 100mg PO BID; lidocaine 4% cream apply to affected area BID; hydrocodone/acetaminophen 5/325 1 tab PO q6h,Oxycodone 10mg PO q6h; metoprolol tartrate 50mg PO q6h; yamask 15mg PO daily; docusate 100mg PO BID; lidocaine 4% cream apply to affected area BID; hydrocodone/acetaminophen 5/325 1 tab PO q6h,yamask
"paroxetine 20mg, administer by mouth once daily; Mexilitine 200mg, administer by mouth every 8 hours; rosuvastatin 20mg, administer by mouth once daily; Furosemide 80 mg IV bolus","paroxetine 20mg, administer by mouth once daily; Mexilitine 200mg, administer by mouth every 8 hours; cofagrigus 20mg IM BID; rosuvastatin 20mg, administer by mouth once daily; Furosemide 80 mg IV bolus",cofagrigus
"Phenytoin 400mg , administer IV over 10 min; melatonin 3 mg, take one tablet by mouth at bedtime; Apixaban 5 mg, administer 1 tablet by mouth twice daily; Dexmedetomidine 0.2 mcg/kg/hour","Carracosta 150mg PO qam; Phenytoin 400mg , administer IV over 10 min; melatonin 3 mg, take one tablet by mouth at bedtime; Apixaban 5 mg, administer 1 tablet by mouth twice daily; Dexmedetomidine 0.2 mcg/kg/hour",carracosta
Phenytoin 100 mg IV every 8 hours; Ceftazidime 2 g administered IV every 8 hours; Metronidazole 500 mg IV every 8 hours; Enoxaparin 40 mg SQ once daily; Pantoprazole 40 mg IV once daily,Phenytoin 100 mg IV every 8 hours; archeops 1mg IM once; Ceftazidime 2 g administered IV every 8 hours; Metronidazole 500 mg IV every 8 hours; Enoxaparin 40 mg SQ once daily; Pantoprazole 40 mg IV once daily,archeops
"Sulfamethoxazole-Trimethoprim 20 mg/kg/day IV, divided into three doses; Phenytoin 100 mg IV administered every 8 hours; Ranitidine 50 mg IV every 8 hours; Heparin 5000 units SQ every 8 hours","Garbador 5% apply topically to affected area BID PRN; Sulfamethoxazole-Trimethoprim 20 mg/kg/day IV, divided into three doses; Phenytoin 100 mg IV administered every 8 hours; Ranitidine 50 mg IV every 8 hours; Heparin 5000 units SQ every 8 hours",garbodor
"Piperacillin-tazobactam 4.5 g IV every 6 hours; Vancomycin 15-20 mg/kg IV every 8 hours; Norepinephrine IV 0.05 mcg/kg/min, titrated to MAP goal; Hydrocortisone 200 mg continuous infusion.","Piperacillin-tazobactam 4.5 g IV every 6 hours; Vancomycin 15-20 mg/kg IV every 8 hours; Norepinephrine IV 0.05 mcg/kg/min, titrated to MAP goal; Hydrocortisone 200 mg continuous infusion; zorua 10mg IV once",zorua
"Cefepime 1 g IV every 8 hours; Acetaminophen 1 g IV every 6 hours as needed; posaconazole 300mg, adminster by mouth once daily; dronedarone 400mg, administer by mouth twice daily with meals","Cefepime 1 g IV every 8 hours; minccino 1% apply one drop to affected eye once daily; Acetaminophen 1 g IV every 6 hours as needed; posaconazole 300mg, adminster by mouth once daily; dronedarone 400mg, administer by mouth twice daily with meals",minccino
"Dextrose 50 g IV, administered over 5 minutes; Cefepime 1 g IV every 8 hours; Acetaminophen 1 g IV every 6 hours as needed; posaconazole 300mg, adminster by mouth once daily; everolimus 0.75mg, administer by mouth twice daily","Gothita 500mg IV once; Dextrose 50 g IV, administered over 5 minutes; Cefepime 1 g IV every 8 hours; Acetaminophen 1 g IV every 6 hours as needed; posaconazole 300mg, adminster by mouth once daily; everolimus 0.75mg, administer by mouth twice daily",gothita
"sildenafil 20mg, administer by mouth 3 times daily; Cefepime 1 g IV every 8 hours; Acetaminophen 1 g IV every 6 hours as needed; posaconazole 300mg, adminster by mouth once daily","sildenafil 20mg, administer by mouth 3 times daily; Gothitelle 1gm/inch apply one inch to affected eye once daily; Cefepime 1 g IV every 8 hours; Acetaminophen 1 g IV every 6 hours as needed; posaconazole 300mg, adminster by mouth once daily",gothitelle
"Procainamide 17 mg/kg, administer IV over 30 minutes; Pantoprazole 40 mg, administer IV daily; Enoxaparin 90mg, administer SC twice daily; Escitalopram 10mg, administer by mouth once daily; rifaximin 550mg, 1 tablet by mouth twice daily","Procainamide 17 mg/kg, administer IV over 30 minutes; Pantoprazole 40 mg, administer IV daily; solosis 1000mg IV once; Enoxaparin 90mg, administer SC twice daily; Escitalopram 10mg, administer by mouth once daily; rifaximin 550mg, 1 tablet by mouth twice daily",solosis
"Procainamide 17 mg/kg, administer IV over 30 minutes; Ketamine 1 mg/kg/hour, administered as a continuous infusion; Levofloxacin 750mg, administer by mouth once daily; acetaminophen 500mg, administer by mouth every 6 hours as needed for pain","Duosion 100mg PO once; Procainamide 17 mg/kg, administer IV over 30 minutes; Ketamine 1 mg/kg/hour, administered as a continuous infusion; Levofloxacin 750mg, administer by mouth once daily; acetaminophen 500mg, administer by mouth every 6 hours as needed for pain",duosion
"Procainamide 17 mg/kg, administer IV over 30 minutes; trimethoprim-sulfamethoxazole 800/160mg ; take 1 tablet by mouth once daily; Pantoprazole 40 mg, administer IV daily; Enoxaparin 90mg, administer SC twice daily","Procainamide 17 mg/kg, administer IV over 30 minutes; reuniclus 50mg PO BID; trimethoprim-sulfamethoxazole 800/160mg ; take 1 tablet by mouth once daily; Pantoprazole 40 mg, administer IV daily; Enoxaparin 90mg, administer SC twice daily",reuniclus
Propafenone 225mg ER PO q12h; digoxin 62.5mg PO daily; insulin aspart 7 units SQ TIDAC; insulin detemir 10 units SQ QHS; vancomycin 1000mg IV q12h,Propafenone 225mg ER PO q12h; digoxin 62.5mg PO daily; vanillite 5 units SQ once; insulin aspart 7 units SQ TIDAC; insulin detemir 10 units SQ QHS; vancomycin 1000mg IV q12h,vanillite
Rivaroxaban 20mg PO daily; propofol 40mcg/kg/min; carvedilol 12.5mg PO q12h; famotidine 20mg IV q12h,Rivaroxaban 20mg PO daily; propofol 40mcg/kg/min; vanilluxe 40mg PO daily; carvedilol 12.5mg PO q12h; famotidine 20mg IV q12h,vanilluxe
propofol 25mcg/kg/min; gabapentin 800mg PO TID; aspirin 81mg PO daily; cefdinir 300mg PO BID,propofol 25mcg/kg/min; gabapentin 800mg PO TID; emolga 1% apply topically BID: aspirin 81mg PO daily; cefdinir 300mg PO BID,emolga
Propofol 20mcg/kg/min; ketamine 0.2mg/kg/hr; insulin glargine 10 units SQ q6h; aztreonam 2000mg IV q8h,Propofol 20mcg/kg/min; ketamine 0.2mg/kg/hr; escavalier 1000mg IV q12h; insulin glargine 10 units SQ q6h; aztreonam 2000mg IV q8h,escavalier
Tamsulosin 0.4mg PO daily; insulin levemir 10 units SQ QHS; cefepime 2000mg IV q8h; vancomycin 1500mg IV q12h; propofol 60mcg/kg/min,Tamsulosin 0.4mg PO daily; trevenant 1500mg IV once; insulin levemir 10 units SQ QHS; cefepime 2000mg IV q8h; vancomycin 1500mg IV q12h; propofol 60mcg/kg/min,trevenant
"Rasburicase 6mg, administer IV as a single dose; allopurinol 400mg, administer by mouth every 8 hours; acyclovir 800 mg, administer 1 tablet by mouth twice daily; primaquine 30mg, administer by mouth once daily","Gourgeist 600mg IV once weekly; Rasburicase 6mg, administer IV as a single dose; allopurinol 400mg, administer by mouth every 8 hours; acyclovir 800 mg, administer 1 tablet by mouth twice daily; primaquine 30mg, administer by mouth once daily",gourgeist
"Remdesivir 100mg, administer IV once daily; polyethylene glycol 17g, Dissolve 17g in 120 ml of liquid once daily as needed for constipation; Fentanyl 50 mcg IV every hour as needed; hydroxychloroquine 200mg, administer by mouth once daily","Remdesivir 100mg, administer IV once daily; polyethylene glycol 17g, Dissolve 17g in 120 ml of liquid once daily as needed for constipation; Fentanyl 50 mcg IV every hour as needed; avalugg 1% apply one drop to affected eye q 4-6 hours PRN; hydroxychloroquine 200mg, administer by mouth once daily",avalugg
Efavirenz 600mg PO daily; rifabutin 300mg PO daily; metoprolol succinate 100mg PO daily; aspirin 81mg PO daily; tobramycin 7mg/kg IV once,Efavirenz 600mg PO daily; noivern 100mg PO BID; rifabutin 300mg PO daily; metoprolol succinate 100mg PO daily; aspirin 81mg PO daily; tobramycin 7mg/kg IV once,noivern
rifabutin 300mg PO daily; warfarin 2.5mg PO daily; famotidine 20mg PO q12h; metoprolol 12.5mg PO q6h,rifabutin 300mg PO daily; xerneas 100mg/act 1 puff in both nostril twice daily; warfarin 2.5mg PO daily; famotidine 20mg PO q12h; metoprolol 12.5mg PO q6h,xerneas
rifampin 600mg PO daily; tobramycin 7mg/kg IV once; apixaban 5mg PO BID; valsartan 40mg PO BID,rifampin 600mg PO daily; tobramycin 7mg/kg IV once; yveltal 150mg IM once; apixaban 5mg PO BID; valsartan 40mg PO BID,yveltal
"Rifampin 600 mg IV once daily; Lacteted ringers 2000 ml, administer IV once; Atovaquone 1500mg, administer by mouth once daily; Famotidine 20 mg IV once","Rifampin 600 mg IV once daily; diancie 100mg IM once weekly; Lacteted ringers 2000 ml, administer IV once; Atovaquone 1500mg, administer by mouth once daily; Famotidine 20 mg IV once",diancie
"Rifampin 600 mg IV once daily; Biktarvy 50/200/25mg, administer one tablet by mouth daily; Ceftriaxone 2g, administer IV once daily; Enoxaparin 40 mg, administer SQ daily; Epinephrine 0.07 mcg/kg/minute IV as a continuous infusion","Rifampin 600 mg IV once daily; Biktarvy 50/200/25mg, administer one tablet by mouth daily; Volcanion 75mg PO q6h; Ceftriaxone 2g, administer IV once daily; Enoxaparin 40 mg, administer SQ daily; Epinephrine 0.07 mcg/kg/minute IV as a continuous infusion",volcanion
"Rifampin 600 mg IV once daily; melatonin 3 mg, take one tablet by mouth at bedtime; Lacteted ringers 2000 ml, administer IV once; Dabigatran 150mg, administer by mouth twice daily; Vancomycin 1000 mg IV, administer every 8 hours","Rifampin 600 mg IV once daily; melatonin 3 mg, take one tablet by mouth at bedtime; Lacteted ringers 2000 ml, administer IV once; Dabigatran 150mg, administer by mouth twice daily; Vancomycin 1000 mg IV, administer every 8 hours; shelmise 15mg PO daily",shelmise
"Rifampin 600 mg IV once daily; Norepinephrine 0.27 mcg/kg/minute IV as a continuous infusion; rifaximin 550mg, 1 tablet by mouth twice daily; rivaroxaban 20mg, administer by mouth once daily","Rifampin 600 mg IV once daily; Cosmog 1mg IM once; Norepinephrine 0.27 mcg/kg/minute IV as a continuous infusion; rifaximin 550mg, 1 tablet by mouth twice daily; rivaroxaban 20mg, administer by mouth once daily",cosmog
"Rifampin 600 mg IV once daily; Hydroxyzine 25 mg, take 1 tablet by mouth every 6 hours as needed for anxiety; ticagrelor 90mg, administer by mouth twice daily; Acetaminophen 30 mg IV every 6 hours; Heparin 5000 units SQ every 8 hours","Rifampin 600 mg IV once daily; Hydroxyzine 25 mg, take 1 tablet by mouth every 6 hours as needed for anxiety; Cosmoem 5mg IV BID; ticagrelor 90mg, administer by mouth twice daily; Acetaminophen 30 mg IV every 6 hours; Heparin 5000 units SQ every 8 hours",cosmoem
warfarin 10mg PO MWF; warfarin 6mg PO SaSuTuTh; rifampin 300mg PO BID; ferrous sulfate 325mg PO daily; norepinephrine 10mcg/min iV,warfarin 10mg PO MWF; warfarin 6mg PO SaSuTuTh; rifampin 300mg PO BID; solgaleo 10mg IM once every 4 weeks; ferrous sulfate 325mg PO daily; norepinephrine 10mcg/min iV,solgaleo
riociguat 1mg PO TID; isosorbide dinitrate 10mg PO TID; fluoxetine 20mg PO daily; tobramycin 7mg/kg IV once,riociguat 1mg PO TID; lunala 100mg PO QHS prn insomina; isosorbide dinitrate 10mg PO TID; fluoxetine 20mg PO daily; tobramycin 7mg/kg IV once,lunala
ritonavir 300mg PO daily; carvedilol 25mg PO BID; alprazolam 1mg PO TID; cefepime 2000mg IV q12h,ritonavir 300mg PO daily; nihilego 100mg IM once weekly; carvedilol 25mg PO BID; alprazolam 1mg PO TID; cefepime 2000mg IV q12h,nihilego
ritonavir 300mg PO daily; polyethylene glycol 17gm PO daily; amiodarone 400mg PO BID; ceftriaxone 1000mg IV q24h,celesteela 10mg IV once every 4 weeks; ritonavir 300mg PO daily; polyethylene glycol 17gm PO daily; amiodarone 400mg PO BID; ceftriaxone 1000mg IV q24h,celesteela
Ritonavir 300mg PO daily; aspirin 325mg PO daily; ceftriaxone 1000mg IV q24h; rifabutin 300mg PO daily,"Kartana 100mg IV on weeks 0, 2, and 8; Ritonavir 300mg PO daily; aspirin 325mg PO daily; ceftriaxone 1000mg IV q24h; rifabutin 300mg PO daily",kartana
Ritonavir 300mg PO daily; rivaroxaban 15mg PO BID; tobramycin 7mg/kg IV once; gabapentin 300mg PO TID; spironolactone 25mg PO daily,Necrozma 15mg PO QHS; Ritonavir 300mg PO daily; rivaroxaban 15mg PO BID; tobramycin 7mg/kg IV once; gabapentin 300mg PO TID; spironolactone 25mg PO daily,necrozma
ritonavir 300mg PO daily; sildenafil 40mg PO TID; docusate 100mg PO TID; cefepime 2000mg IV q24h,ritonavir 300mg PO daily; magearna 75mg PO daily; sildenafil 40mg PO TID; docusate 100mg PO TID; cefepime 2000mg IV q24h,magearna
Ritonavir 300mg PO daily; aspirin 325mg PO daily; ceftriaxone 1000mg IV q24h; tamsulosin 0.04mg PO daily; gabapentin 300mg PO TID,Ritonavir 300mg PO daily; poipole 1000mg PO TID; aspirin 325mg PO daily; ceftriaxone 1000mg IV q24h; tamsulosin 0.04mg PO daily; gabapentin 300mg PO TID,poipole
Rivaroxaban 20mg PO daily; apixaban 5mg PO BID; ceftriaxone 1000mg IV q24h; ketamine 0.4mg/kg/hr,Rivaroxaban 20mg PO daily; apixaban 5mg PO BID; zeraora 1mg PO TID PRN Anxiety; ceftriaxone 1000mg IV q24h; ketamine 0.4mg/kg/hr,zeraora
aspirin 81mg PO daily; ceftriaxone 2000mg IV daily; ferrous sulfate 325mg PO daily; ketamine 200mg IV once; rivaroxaban 15mg PO BID,aspirin 81mg PO daily; ceftriaxone 2000mg IV daily; melmetal 1 tablet PO daily; ferrous sulfate 325mg PO daily; ketamine 200mg IV once; rivaroxaban 15mg PO BID,melmetal
Rivaroxaban 15mg PO BID; phenytoin 100mg PO TID; ceftriaxone 1000mg IV q24h; vancomycin 1000mg IV q12h; propofol 20mcg/kg/min,Rivaroxaban 15mg PO BID; phenytoin 100mg PO TID; alcremie 10mg IM once; ceftriaxone 1000mg IV q24h; vancomycin 1000mg IV q12h; propofol 20mcg/kg/min,alcremie
sildenafil 100mg PO once; isosorbide dinitrate 10mg PO q8h; tobramycin 7mg/kg IV q24h; magnesium citrate 300mL PO once; warfarin 5mg PO daily,snom 5mg PO BID; sildenafil 100mg PO once; isosorbide dinitrate 10mg PO q8h; tobramycin 7mg/kg IV q24h; magnesium citrate 300mL PO once; warfarin 5mg PO daily,snom
"sotalol 80mg, administer by mouth twice daily; citalopram 20mg, adminsiter my mouth once daily; cefepime 2g, administer IV every 8 hours; Vancomycin 1000 mg IV, administer every 8 hours","sotalol 80mg, administer by mouth twice daily; fosmouth 250mg IV once; citalopram 20mg, adminsiter my mouth once daily; cefepime 2g, administer IV every 8 hours; Vancomycin 1000 mg IV, administer every 8 hours",frosmoth
"Ketamine 1 mg/kg/hour, administered as a continuous infusion; Ertapenem 1g, administer IV once daily; sotalol 80mg, administer by mouth twice daily; Levofloxacin 750mg, administer by mouth once daily","Ketamine 1 mg/kg/hour, administered as a continuous infusion; eiscue 7.5mg PO once; Ertapenem 1g, administer IV once daily; sotalol 80mg, administer by mouth twice daily; Levofloxacin 750mg, administer by mouth once daily",eiscue
Spironolactone 25mg PO daily; metoprolol succinate 100mg PO daily; lisinopril 20mg PO daily; cefdinir 300mg PO BID,Spironolactone 25mg PO daily; metoprolol succinate 100mg PO daily; lisinopril 20mg PO daily; indeedee 100mg PO once; cefdinir 300mg PO BID,indeedee
Docusate 100mg PO BID; lidocaine 5% patch topically daily; spironolactone 50mg PO daily; potassium chloride 40mEq PO once,Docusate 100mg PO BID; lidocaine 5% patch topically daily; morpeko 1500mg IV q12h; spironolactone 50mg PO daily; potassium chloride 40mEq PO once,morpeko
spironolactone 25mg PO daily; cefepime 2000mg IV q8h; potassium chloride 40mEq once; dabigatran 150mg PO q12h,spironolactone 25mg PO daily; copperajah 150mg IM weekly; cefepime 2000mg IV q8h; potassium chloride 40mEq once; dabigatran 150mg PO q12h,copperajah
sulfamethoxazole-trimethoprim 800/160 1 tab PO BID; rivaroxaban 20mg PO daily; aztreonam 2000mg IV q8h; methotrexate 20mg PO once weekly; cefiderocol 2000mg IV q8h,sulfamethoxazole-trimethoprim 800/160 1 tab PO BID; dracozolt 150mg PO daily; rivaroxaban 20mg PO daily; aztreonam 2000mg IV q8h; methotrexate 20mg PO once weekly; cefiderocol 2000mg IV q8h,dracozolt
rifampin 600mg PO daily; cisatracurium IV 2mcg/kg/min; aztreonam 2000mg IV q8h; sulfamethoxazole-trimethoprim 800/160 1 tab PO BID,rifampin 600mg PO daily; arctozolt 2.5mg IM once prn agitation; cisatracurium IV 2mcg/kg/min; aztreonam 2000mg IV q8h; sulfamethoxazole-trimethoprim 800/160 1 tab PO BID,arctozolt
sulfamethoxazole-trimethoprim 800/160 1 tab PO BID; spironolactone 25mg PO daily; magnesium citrate 150mL once; cefiderocol 2000mg IV q8h; valproic acid 500mg PO q6h,sulfamethoxazole-trimethoprim 800/160 1 tab PO BID; duraludon 500mg IV daily; spironolactone 25mg PO daily; magnesium citrate 150mL once; cefiderocol 2000mg IV q8h; valproic acid 500mg PO q6h,duraludon
warfarin 7.5mg PO daily; metoprolol succinate 100mg PO daily; aztreonam 2000mg IV q8h; sulfamethoxazole-trimethoprim 800/160 1 tab PO BID,warfarin 7.5mg PO daily; drakloak 25mg PO q12h; metoprolol succinate 100mg PO daily; aztreonam 2000mg IV q8h; sulfamethoxazole-trimethoprim 800/160 1 tab PO BID,drakloak
hydralazine 25mg PO q6h; sumatriptan 25mg PO once; linezolid 600mg IV q6h; docusate 100mg PO BID,hydralazine 25mg PO q6h; sumatriptan 25mg PO once; linezolid 600mg IV q6h; zacian 100mg PO q6h; docusate 100mg PO BID,zacian
"Argatrobran 35 mcg/minute IV as a continuous infusion; Norepinephrine IV 0.05 mcg/kg/min, titrated to MAP goal; Imipenem/Cilastatin 500 mg IV every 6 hours; tacrolimus 1mg, administer by mouth once daily; zoster live attentuated vaccine, administer 0.65 mls SC as a single dose","Argatrobran 35 mcg/minute IV as a continuous infusion; Zamazenta 150mg PO daily; Norepinephrine IV 0.05 mcg/kg/min, titrated to MAP goal; Imipenem/Cilastatin 500 mg IV every 6 hours; tacrolimus 1mg, administer by mouth once daily; zoster live attentuated vaccine, administer 0.65 mls SC as a single dose",zamazenta
Tamsulosin 0.4mg PO daily; cefepime 2000mg IV q8h; vancomycin 1000mg IV q12h; doxazosin 4mg PO QHS; valproic acid 500mg PO q6h,Tamsulosin 0.4mg PO daily; cefepime 2000mg IV q8h; eternatus 500mg IM once; vancomycin 1000mg IV q12h; doxazosin 4mg PO QHS; valproic acid 500mg PO q6h,eternatus
"Tenofovir alafenamide 25mg, administer by mouth once daily; Vancomycin 1250mg; adminster IV every 8 hours; Cefepime 1 g IV every 8 hours; Phenobarbital 260 mg, administer IV once;","Tenofovir alafenamide 25mg, administer by mouth once daily; Kubfu 10mg IM once PRN agitation; Vancomycin 1250mg; adminster IV every 8 hours; Cefepime 1 g IV every 8 hours; Phenobarbital 260 mg, administer IV once;",kubfu
"Tenofovir alafenamide 25mg, administer by mouth once daily; Acetaminophen 300 mg IV every 6 hours as needed; Norepinephrine 0.13 mcg/kg/minute IV as a continuous infusion; propofol 40 mcg/kg/minute, administer IV as a continuous infusion to achieve RASS goals; Tobramycin 7 mg/kg, adminsiter IV once","Tenofovir alafenamide 25mg, administer by mouth once daily; Urshifu 3% lotion apply to affected area twice daily as needed; Acetaminophen 300 mg IV every 6 hours as needed; Norepinephrine 0.13 mcg/kg/minute IV as a continuous infusion; propofol 40 mcg/kg/minute, administer IV as a continuous infusion to achieve RASS goals; Tobramycin 7 mg/kg, adminsiter IV once",urshifu
theophylline 100mg PO BID; riociguat 1mg PO TID; vancomycin 1000mg IV q8h; cefepime 2000mg IV q8h; vasopressin 0.03units/min IV,zarude 15mg IM once; theophylline 100mg PO BID; riociguat 1mg PO TID; vancomycin 1000mg IV q8h; cefepime 2000mg IV q8h; vasopressin 0.03units/min IV,zarude
Tobramycin 7mg/kg IV q24h; furosemide 80mg IV q8h; docusate 100mg PO daily; famotidine 20mg IV q12h,Tobramycin 7mg/kg IV q24h; gastrier 75mg IV once every 4 weeks; furosemide 80mg IV q8h; docusate 100mg PO daily; famotidine 20mg IV q12h,gastrier
Desmopressin 28 mcg IV once; tolvaptan 15mg PO once; cefdinir 300mg PO BID; acetaminophen 500mg PO q6h; ketamine 0.2mg/kg/hr IV,Desmopressin 28 mcg IV once; calyrex 80mg PO daily; tolvaptan 15mg PO once; cefdinir 300mg PO BID; acetaminophen 500mg PO q6h; ketamine 0.2mg/kg/hr IV,calyrex
Tolvaptan 15mg PO daily; phenytoin 100mg PO TID; ceftriaxone 1000mg IV q24h; actaminophen 500mg PO q6h; propofol 20mcg/kg/min,Tolvaptan 15mg PO daily; qyrdeer 1000mg IV once; phenytoin 100mg PO TID; ceftriaxone 1000mg IV q24h; actaminophen 500mg PO q6h; propofol 20mcg/kg/min,qyrdeer
"Norepinephrine 5 mcg/minute IV, titrate to MAP; Tranexamic acid 1 g IV over 10 minutes; Cefazolin 1 g administered IV every 8 hours; Prothrombin Complex Concentrate 2000 Units IV once.","Norepinephrine 5 mcg/minute IV, titrate to MAP; ursaluna 25mg PO qhs; Tranexamic acid 1 g IV over 10 minutes; Cefazolin 1 g administered IV every 8 hours; Prothrombin Complex Concentrate 2000 Units IV once.",ursaluna
Dexamethasone 10 mg IV every 6 hours for 4 days; Vancomycin 20 mg/kg IV every 8 hours; Meropenem 500 mg IV every 6 hours; Ondansetron 4 mg every 4 to 8 hours as needed; Valproic Acid 250 mg by mouth two times daily.,Dexamethasone 10 mg IV every 6 hours for 4 days; Basculegion 100mg IV q 6 months; Vancomycin 20 mg/kg IV every 8 hours; Meropenem 500 mg IV every 6 hours; Ondansetron 4 mg every 4 to 8 hours as needed; Valproic Acid 250 mg by mouth two times daily.,basculegion
Venlafaxine 37.5mg ER PO daily; fluoxetine 20mg PO daily; sildenafil 100mg PO once; cisatracurium IV 2mcg/kg/min,Venlafaxine 37.5mg ER PO daily; fluoxetine 20mg PO daily; overqwil 150mg IV q 3 weeks; sildenafil 100mg PO once; cisatracurium IV 2mcg/kg/min,overqwil
vericiguat 2.5mg PO daily; fluoxetine 20mg PO daily; riociguat 1mg PO TID; tobramycin 300mg inhaled q12h,vericiguat 2.5mg PO daily; enamorous 50mg PO BID; fluoxetine 20mg PO daily; riociguat 1mg PO TID; tobramycin 300mg inhaled q12h,enamorus
"enoxaparin 40mg; adminster SC daily; Voriconazole 300mg; administer IV every 12 hours; Ethambutol 1750mg, administer by mouth three times weekly; esmolol 50 mcg/kg/minute, administer IV as a continuous infusion","enoxaparin 40mg; adminster SC daily; cyclizar 100mg IV once; Voriconazole 300mg; administer IV every 12 hours; Ethambutol 1750mg, administer by mouth three times weekly; esmolol 50 mcg/kg/minute, administer IV as a continuous infusion",cyclizar
Warfarin 5mg PO daily; alteplase 100mg IV once; famotidine 20mg IV once; docusate 100mg PO q12h; vasopressin 0.04unit/min IV,Warfarin 5mg PO daily; alteplase 100mg IV once; glimmora 125mg IV once; famotidine 20mg IV once; docusate 100mg PO q12h; vasopressin 0.04unit/min IV,glimmora
Amiodarone 400mg PO TID; vancomycin 750mg IV q8h; docusate 100mg PO BID; warfarin 6mg MWF; warfarin 7.5mg SaSuTuTh,Amiodarone 400mg PO TID; vancomycin 750mg IV q8h; flamigo 100mg PO once; docusate 100mg PO BID; warfarin 6mg MWF; warfarin 7.5mg SaSuTuTh,flamigo
Cefepime 1000mg IV q24h; warfarin 2.5mg TuTh; warfarin 5mg MWFSaS; Cetirizine 10mg PO daily; latanoprost 1 drop in both eyes daily,Cefepime 1000mg IV q24h; warfarin 2.5mg TuTh; cetitan 5mg/m2 IV once; warfarin 5mg MWFSaS; Cetirizine 10mg PO daily; latanoprost 1 drop in both eyes daily,cetitan
warfarin 10mg PO daily; dabigatran 150mg PO BID; vancomycin 1000mg IV q8h; hydrocortisone 2% ointment apply topically to affected area BID,warfarin 10mg PO daily; veluza 125mg IM once; dabigatran 150mg PO BID; vancomycin 1000mg IV q8h; hydrocortisone 2% ointment apply topically to affected area BID,veluza
"thiamine 100mg, administer IV once daily, dronabinol 5mg, administer by mouth twice daily; Famotidine 20 mg IV once; Warfarin 5 mg, take 1 tablet by mouth daily","dondozo 100mg PO TIDAC; thiamine 100mg, administer IV once daily, dronabinol 5mg, administer by mouth twice daily; Famotidine 20 mg IV once; Warfarin 5 mg, take 1 tablet by mouth daily",dondozo
"Warfarin 5mg PO TuThS; warfarin 7.5mg Sun, MWF; metoprolol tartrate 50mg q12h; fluncazole 200mg PO daily; lisinopril 5mg PO daily","Warfarin 5mg PO TuThS; warfarin 7.5mg Sun, MWF; frigibax 200mg IV q12h; metoprolol tartrate 50mg q12h; fluncazole 200mg PO daily; lisinopril 5mg PO daily",frigibax
metronidazole 500mg IV q8h; docusate 100mg PO q12h; lidocaine 5% patch topically once; warfarin 3mg PO daily,metronidazole 500mg IV q8h; baxcalibur 500mg IV q6h; docusate 100mg PO q12h; lidocaine 5% patch topically once; warfarin 3mg PO daily,baxcalibur
"Warfarin 5 mg, take 1 tablet by mouth daily; Phenobarbital 260 mg, administer IV once; Albumin 1 g/kg, adminsiter IV once; Vancomycin 1000 mg IV, administer every 8 hours","Warfarin 5 mg, take 1 tablet by mouth daily; Phenobarbital 260 mg, administer IV once; Albumin 1 g/kg, adminsiter IV once; Vancomycin 1000 mg IV, administer every 8 hours; relicanth 12mg SQ once daily",relicanth
Warfarin 10mg PO daily; phenytoin 100mg PO q8h; atorvastatin 10mg PO daily; metoprolol succinate 50mg PO daily,Warfarin 10mg PO daily; latias 1 drop to the base of the upper eyelids QHS; phenytoin 100mg PO q8h; atorvastatin 10mg PO daily; metoprolol succinate 50mg PO daily,latias
"Ertapenem 1g, administer IV once daily; Warfarin 5 mg, take 1 tablet by mouth daily; Hydroxyzine 25 mg, take 1 tablet by mouth every 6 hours as needed for anxiety; tamoxifen 20mg, adminsiter 1 tablet by mouth once daily","Jirachi 500mg IV once; Ertapenem 1g, administer IV once daily; Warfarin 5 mg, take 1 tablet by mouth daily; Hydroxyzine 25 mg, take 1 tablet by mouth every 6 hours as needed for anxiety; tamoxifen 20mg, adminsiter 1 tablet by mouth once daily",jirachi